ID,Sentence
1,ଏକ ମଇଁଷି କାଦୁଅରେ ଖେଳୁଛି |
2,ଏକ ଷଣ୍ଢ ଶଗଡ଼ ଗାଡିକୁ ଧକ୍କା ଦେଲା |
3,ଥଣ୍ଡା ପବନ ପ୍ରବାହିତ ହେଉଥିଲା
4,ଏକ ମୃତ ପଶୁ ନଦୀରେ ଭାସୁଛି
5,ଝଡଏକ ଧୂଳିଝଡ ଆସୁଛି
6,ଜଙ୍ଗଲରେ ନିଆଁ ଲାଗିଯାଇଥିଲା
7,ଗତକାଲି ରାତିରେ ଜଣେ ଝିଅର ହତ୍ୟାଘଟିଥିଲା
8,ସେଠାରେ ଏକ ଲମ୍ବା ବାଉଁଶ ବାଡି ପଡ଼ିଥିଲା |
9,ଏହି ଦୁର୍ଘଟଣାରେ ବହୁ ରକ୍ତ ନଷ୍ଟ ହୋଇଯାଇଛି
10,ବହୁ ଖାଦ୍ୟ ନଷ୍ଟ ହେଲା |
11,ଜଣେ ବ୍ୟକ୍ତି ଅଗ୍ନି କାଠ ସଂଗ୍ରହ କରୁଥିଲେ
12,ଏକ କଇଁଛ ବହୁ ବର୍ଷ ବଞ୍ଚେ |
13,ଏକ ଟ୍ରେନ୍ ଶଗଡ଼ ଗାଡିକୁ ଧକ୍କା ଦେଇଛି
14,ସହରରୁ ଫେରିବା ପରେ ମୁଁ ଶୋଇବାକୁ ଗଲି |
15,ଅଜିତ ଜଙ୍ଗଲରେ ବୁଲିବାକୁ ପସନ୍ଦ କରନ୍ତି
16,ଅଜିତଙ୍କୁ ଏକ ବୋମା ଦ୍ୱାରା ହତ୍ୟା କରାଯାଇଥିଲା
17,ସମସ୍ତ ପକ୍ଷୀ ସେମାନଙ୍କର ନିଜର ସନ୍ତାନମାନଙ୍କୁ ଖାଇବାକୁ ଦିଅନ୍ତି |
18,ସବୁ ଫସଲ ଧୂଳିଝଡରେ ନଷ୍ଟ ହୋଇଯାଇଥିଲା
19,ସବୁ ପିଲାମାନେ ମିଠା ଚାହାଁନ୍ତି |
20,ବର୍ଷାରେ ମୋର ସମସ୍ତ ପୋଷାକ ଓଦା ହୋଇଗଲା |
21,ମୋର ସମସ୍ତ ଜିନିଷ ଅଗ୍ନିରେ ଜଳିଗଲା
22,ସମସ୍ତ ଗୁରୁତ୍ୱପୂର୍ଣ୍ଣ କାଗଜପତ୍ର ନିଆଁରେ ଜଳିଗଲା
23,ପ୍ରାୟ ସମସ୍ତ ପତ୍ର ଝଡ଼ିଯାଇଛି
24,ପଶୁ ବିପଦ ଅନୁଭବ କରିପାରନ୍ତି |
25,ଯୋଗାଯୋଗ କରିବାକୁ ପଶୁମାନଙ୍କର ନିଜସ୍ୱ ଭାଷା ଅଛି |
26,ପଶୁମାନେ ନିଆଁକୁ ଭୟ କରନ୍ତି
27,ମୋର ପୋଷାକ ସବୁ ଶୁଖିଯାଇଛି କି?
28,ମୋର କାନ ଲାଲ କି?
29,ଥଣ୍ଡା ହେତୁ ମୁଁ ବାହାରେ ରହିପାରିବି ନାହିଁ |
30,ଥଣ୍ଡା ହେତୁ ଲେଖା ମୋ ଦ୍ୱାରା ହୋଇପାରିବ ନାହିଁ |
31,"ତାଙ୍କର ଫେରିବାଯୋଗୁ , ତାଙ୍କ ମା ବଂଚି ଯାଇ ପାରନ୍ତି"
32,କାରଣ ସେମାନେ ଅଧ୍ୟୟନ କରିନଥିଲେ ସେମାନେ ପରୀକ୍ଷାରେ ବିଫଳ ହୋଇଥିଲେ |
33,ମହୁମାଛି ମହୁ ପାଇଁ ଫୁଲ ଶୋଷିଥାଏ |
34,ମୁଁ ତାଙ୍କ ଘରକୁ ଯିବା ପୂର୍ବରୁ ମୁଁ ମୋର ପୋଷାକ ବଦଳାଇଲି |
35,ରୀତିନୀତି କରିବା ପୂର୍ବରୁ ମୁଖିଆ ଏକ ବଡ ବୃତ ଅଙ୍କନ କଲେ |
36,ଖେଳ ଆରମ୍ଭ କରିବା ପୂର୍ବରୁ ବାଳକ ଏକ ବଡ ବୃତ୍ତ ଅଙ୍କନ କଲା |
37,ବଡ ଭାଇମାନଙ୍କର ସମସ୍ତ ଦାୟିତ୍ୱ ଅଛି
38,ପକ୍ଷୀମାନେ ବସାରେ ଅଣ୍ଡା ଦିଅନ୍ତି
39,ପକ୍ଷୀମାନେ ଆକାଶରେ ଉଡୁଛନ୍ତି
40,କଳା କେଶ ଭଲ କେଶ ରଙ୍ଗ ବୋଲି ବିଶ୍ୱାସ କରାଯାଏ |
41,ଏକ ହାଣ୍ଡିରେ ପାଣି ଫୁଟାନ୍ତୁ
42,ବମ୍ବେର ପାଗ ଆର୍ଦ୍ର କିନ୍ତୁ ଦିଲ୍ଲୀର ପାଗ ଶୁଖିଲା |
43,ବହିଗୁଡ଼ିକ ବାକ୍ସର ତଳେ ରଖାଯାଏ |
44,ତୁମେ ମିଠା ଆମ୍ବସବୁ ଆଣ |
45,ପୋଛିହେବI ପାଇଁ ମୋତେ ଏକ ଶୁଖିଲା କପଡା ଦିଅ |
46,ଏଠାକୁ ପନିପରିବା ଆଣ
47,ପଚିଶ ଟଙ୍କାର ଚିନି କିଣ |
48,ବଡ ଭାଇ ଘରକୁ ଆସିବା ବେଳକୁ ତାଙ୍କ ସାଙ୍ଗ ଚାଲି ଯାଇଥିଲେ
49,ଚା ପିଉଥିବା ପିଲାକୁ ଡାକ |
50,କାଚ ଭାଙ୍ଗିଥିବା ପିଲାକୁ ଡାକ |
51,ଯେଉଁ ବାଳକଟି ପହରିଦିନ ଗ୍ଲାସ ଭାଙ୍ଗିଥିଲା ତାକୁ ଡାକ |
52,ଏକ ଶିଶୁ ଏହି ଓଜନ ଉଠାଇ ପାରିବ କି?
53,ମୁଁ ଶିଶୁକୁ ଧରି ପାରିବି କି?
54,ଆମେ ଏଥିରେ ପହଁରି ପାରିବା କି?
55,ତୁମେ ମୋ ନିକଟତର ହୋଇପାରିବ କି?
56,ଯନ୍ତା ଭିତରେ ଥିବା କୁକୁଡ଼ା ମାନଙ୍କୁ ଗଣି ପାରିବ କି ?
57,ଆପଣ କିଛି କାଠ କାଟି ପାରିବେ କି?
58,ତମେ ମୋପାଇଁ ଗୋଟିଏ ଖେଳନା ଆଣିପାରିବ କି ?
59,ତୁମେ ମୋ କଥା ଶୁଣି ପାରିବ କି?
60,ଆପଣ କିଛି ସମୟ ପାଇଁ ବ୍ୟାଗ୍ ଧରି ପାରିବେ କି?
61,ଆପଣ ଏହି କାଠ ପଟାକୁ ଉଠାଇ ପାରିବେ କି?
62,ଆପଣ ଆକାଶକୁ ଦେଖି ପାଣିପାଗକୁ କହିପାରିବେ କି?
63,ମୁଖ୍ୟ ଘଟଣାର ମୂଳ କାରଣ ଜାଣିବାକୁ ଚାହୁଁଥିଲେ
64,ମାଆଙ୍କ ଅଭିବ୍ୟକ୍ତିରେ ପିଲା ହସିଲେ |
65,ପିଲାଟି ତାର ଛୋଟ ଆଙ୍ଗୁଳିରେ ମୋର ଚଉଡା ପାପୁଲିକୁ ଖୁଞ୍ଚିଲା |
66,ପିଲାମାନେ ଖେଳରେ ଲମ୍ବା ଲମ୍ଫ ଦେଉଥିଲେ |
67,ପୋଷାକ ବାକ୍ସର ଉପରେ ରଖାଯାଏ |
68,ଭିତରକୁ ଆସ ଏବଂ ବସ |
69,ଏକରୁ ଦଶ ପର୍ଯ୍ୟନ୍ତ ଗଣନା କର
70,ଟଙ୍କା ଗଣନା କର |
71,ଗାଈମାନଙ୍କର ସଂଖ୍ୟା ଗଣନା କର |
72,କାଉମାନେ କଳା ରଙ୍ଗର |
73,କ୍ଷୀରରୁ ଦହି ତିଆରି ହୋଇଥାଏ |
74,ମାଂସକୁ ପତଳା କରି କାଟି ଦିଅନ୍ତୁ |
75,ସେ ଯାହା ଚାହୁଁଥିଲେ ତାହା କହିଥିଲେ କି?
76,ତୁମେ କେବେ ଶିକାର କରିଛ କି?
77,ତୁମେ ମସିଣା ଉପରେ ଶୋଇଛ କି?
78,ତୁମେ ହଜିଯାଇଥିବା କୁକୁଡ଼ାକୁ ଖୋଜିଲ କି?
79,ଆଜି ଆପଣ ଡାକ୍ତରଙ୍କୁ ଦେଖିଛନ୍ତି କି?
80,ଆଜି ଆପଣ ଖବରକାଗଜ ଦେଖିଛନ୍ତି କି?
81,ତୁମେ ଠିକ୍ ଶୋଇଛ କି?
82,ତୁମେ ଭଲରେ ଶୋଇଲ କି?
83,ଅଧିକ ଲୁଣ ମିଶାନ୍ତୁ ନାହିଁ |
84,ମୋ ପଛେ ପଛେ ଆସ ନାହିଁ
85,ଭିତରକୁ ଆସ ନାହିଁ |
86,ଷଣ୍ଢ ନିକଟକୁ ଆସ ନାହିଁ |
87,ମୋ ନିକଟକୁ ଆସ ନାହିଁ
88,ନିଜର ସାଙ୍ଗମାନଙ୍କ ସହିତ ଗଣ୍ଡଗୋଳ କରନ୍ତୁ ନାହିଁ |
89,ତାହା ନିକଟକୁ ଯାଅ ନାହିଁ |
90,ନିଆଁ ପାଖକୁ ଯାଅ ନାହିଁ
91,ଅଧିକ ଦୂରକୁ ଯାଅ ନାହିଁ |
92,କେବଳ ସେଠାରେ ଠିଆ ହୁଅନ୍ତୁ ନାହିଁ |
93,ମୋତେ ଦେଖି ହସ ନାହିଁ
94,ଅନ୍ୟମାନଙ୍କୁ ତୁମ ବିଷୟରେ ଚିନ୍ତା କରିବାକୁ ଦିଅ ନାହିଁ |
95,ମୋତେ ଠେଲ ନାହିଁ |
96,ମୋତେ ଜୋରରେ ଠେଲନ୍ତୁ ନାହିଁ
97,ସେହି ବେଞ୍ଚରେ ବସନ୍ତୁ ନାହିଁ |
98,ମୋ ପାଖରେ ଠିଆ ହୁଅ ନାହିଁ |
99,ନଦୀରେ ପହଁରନ୍ତୁ ନାହିଁ |
100,ରୁକ୍ଷ୍ୟ ଭାଷାରେ କୁହ ନାହିଁ
101,ଏଠାରେ ଅଳିଆ ପକାନ୍ତୁ ନାହିଁ |
102,ପଥର ଫିଙ୍ଗନ୍ତୁ ନାହିଁ
103,ବହିର ପୃଷ୍ଠାଗୁଡ଼ିକୁ ବୁଲାନ୍ତୁ ନାହିଁ |
104,ନାଲି ରଙ୍ଗରେ ଲେଖନ୍ତୁ ନାହିଁ |
105,ଘରେ ଚାଉଳ ଅଛି କି?
106,ତୁମେ ପଶୁ ଶିକାର କରୁଛ କି?
107,ତୁମେ ତାଙ୍କୁ ଜାଣିଛ କି?
108,ଆପଣ ବସିବାକୁ ଚାହୁଁଛନ୍ତି କି?
109,ଆଣ୍ଠୁରେ ଆଘାତ ଲାଗିଥିବା ଡାକ୍ତର କହିଛନ୍ତି
110,କୁକୁର ଏକ ବିଶ୍ୱସ୍ତ ପଶୁ
111,କିଛି ପାଣି ପିଅନ୍ତୁ |
112,ଆଖିକୁ ପୋଛି ଦିଅନ୍ତୁ
113,ବହିଗୁଡ଼ିକରେ ଧୂଳି ଜମା ହୋଇଯାଇଥିଲା |
114,ଧୂଳି ମୋତେ ଅସୁସ୍ଥ କରେ |
115,ପ୍ରତ୍ୟେକ ପିଲା ମା’ଙ୍କଠାରୁ ପାଞ୍ଚଟି ମିଠା ପାଇଲେ |
116,ପୃଥିବୀ ଏକ ସୁନ୍ଦର ଗ୍ରହ |
117,"ମା ଝିଅ ପାଇଁ ରୋଷେଇ କରିବ, କିମ୍ବା ଝିଅ ମା ପାଇଁ ରୋଷେଇ କରିବ |"
118,ଗାଁର ପ୍ରତ୍ୟେକ ପିଲା ଶିନାଙ୍କୁ ପସନ୍ଦ କରୁଥିଲେ
119,ଗୋଟିଆ ବ୍ଯକ୍ତିର ଆଖିର ରଙ୍ଗ ଅନ୍ୟ ବ୍ୟକ୍ତି ଠାରୁ ଅଲଗା|
120,କୃଷକମାନେ ସେମାନଙ୍କ ଚାଷଜମିରୁ ଅନାବନା ଗଛ ଉପାଡୁଛନ୍ତି |
121,ବାପା ବଜାରରୁ ସମସ୍ତ ଘରୋଇ ସାମଗ୍ରୀ ଆଣିଥିଲେ |
122,ବାପା ବଜାରରୁ ପନିପରିବା ଆଣିଥିଲେ |
123,ବାପା କ୍ଷୀର ପିଇବାକୁ ପସନ୍ଦ କରନ୍ତି ନାହିଁ |
124,ବାପା ଚାକରଙ୍କ ଦ୍ୱାରା ଫିଙ୍ଗି ଦିଆଯାଇଥିବା ସମସ୍ତ କାଗଜପତ୍ର ପାଇଲେ |
125,ବାପା ମୋ ଦ୍ୱାରା ଫିଙ୍ଗାଯାଇଥିବା ସମସ୍ତ ବର୍ଜ୍ୟବସ୍ତୁ ପାଇଲେ |
126,ଖରାଦିନେ ବହୁତ କମ୍ ପକ୍ଷୀ ଦେଖିବାକୁ ମିଳେ |
127,ମାଛ ସମୁଦ୍ରରେ ବାସ କରନ୍ତି |
128,ସାଧାରଣତ ସକାଳେ ଫୁଲ ଫୁଟିଥାଏ |
129,ବଗିଚାରେ ଫୁଲ ଫୁଟୁଛି |
130,ଫୁଲଗୁଡ଼ିକ ରଙ୍ଗୀନ |
131,ଗତ ତିନିବର୍ଷ ଧରି ମୋହନ କ୍ଲାସରେ ଶୀର୍ଷରେ ରହିଥିଲେ
132,ଜଙ୍ଗଲ ଆଦିବାସୀମାନଙ୍କ ପାଇଁ ଘର ଅଟେ |
133,ଚାରିଜଣ ବାଳକ ଶିକାର କରିବାକୁ ଯାଇଥିଲେ
134,ଫଳ ଏବଂ ବାଦାମ ଉଭୟ ଅତ୍ୟନ୍ତ ପୁଷ୍ଟିକର |
135,ଫଳ ସ୍ୱାସ୍ଥ୍ୟ ପାଇଁ ଭଲ ଅଟେ |
136,ଫଳ ମଣିଷ ପାଇଁ ସ୍ଵାସ୍ଥ୍ୟକର ଅଟେ |
137,ଗଙ୍ଗାର ଜଳ ସବୁଠାରୁ ଶୁଦ୍ଧ ଅଟେ |
138,ସମସ୍ତ ଡାଳକୁ ଏକାଠି କରି ଏକତ୍ର ବାନ୍ଧ |
139,ଝିଅମାନେ ହାତରେ ହେନା ଲଗେଇବାକୁ ପସନ୍ଦ କରନ୍ତି |
140,ଝିଅମାନେ ନାକରେ ନାକ ପିନ୍ ପିନ୍ଧନ୍ତି |
141,ପ୍ରତ୍ୟେକ ପ୍ରକାରର ମିଠା ଠାରୁ ମୋତେ ଅଳ୍ପ ଦିଅ |
142,ମୋତେ ଏକ ଗ୍ଲାସ ପାଣି ଦିଅ |
143,ମୋତେ ପିଇବାକୁ ଗରମ ଚା ଦିଅ |
144,ମୋତେ ପ୍ରତ୍ୟେକ ମିଠାଠାରୁ ଅଳ୍ପ ଦିଅ |
145,ମୋତେ କିଛି ସୂଚନା ଦିଅ |
146,ମୋତେ କିଛି ଟଙ୍କା ଦିଅ |
147,ମୋ ଝିଅ ପାଇଁ ମୋତେ କିଛି ଟଙ୍କା ଦିଅ |
148,ମୋତେ ଚିଠି ଦିଅ |
149,ଗାଈ କୁ ଖାଇବାକୁ ଦିଅ
150,ତାଙ୍କୁ ଫୁଲ ଦିଅ |
151,ଯାଅ ଶିକାର କର
152,ଯାଅ ଏବଂ ଦେଖ |
153,କିଛି ସମୟ ଶୋଇବାକୁ ଯାଅ |
154,ହ୍ରଦକୁ ଡେଇଁ ଯାଅ |
155,ଗାଧୋଇବାକୁ ଯାଅ |
156,ଭଲ ପିତାମାତା ଭଲ ସନ୍ତାନ କରନ୍ତି |
157,ବର୍ଷା ଋତୁରେ ଘାସ ପ୍ରଚୁର ପରିମାଣରେ ବଢିଥାଏ
158,ଘାସ ସବୁଜ ରଙ୍ଗରେ |
159,ଘାସକୁ ସମୟ ସମୟରେ ଛେଦନ କରାଯିବା ଆବଶ୍ୟକ |
160,ହନୁମାନ ଲଙ୍କାକୁ ତାଙ୍କ ଲାଞ୍ଜରେ ପୋଡି ଦେଲେ |
161,ତମେ ଖାଇସରିଲାଣି?
162,ନିଜ ଭାଇଙ୍କୁ ପ୍ରତାରଣା କରି ସେ ଭଲ କରିନଥିଲେ
163,ତାଙ୍କ ଭୋଜନ ଖାଇ ବାପା ବୁଲିବାକୁ ବାହାରକୁ ଗଲେ
164,ସେ ତାଙ୍କୁ ଗୀତ ଗାଇବାକୁ କହିଥିଲେ
165,ଦୌଡ ଶେଷ ହେବା ପରେ ସେ ପ୍ରବଳ ନିଶ୍ୱାସ ନେଇଥିଲେ
166,ସେ ଧୂଳି ସବୁ ଝାଡି ଦେଲା
167,ସେ ବାରମ୍ବାର ଆସିଲେ |
168,ସେ ନଡ଼ିଆ ଗଛରେ ଚଢି ପାରନ୍ତି
169,ସେ ପହଁରି ପାରନ୍ତି ନାହିଁ |
170,ସେ ରାସ୍ତା ପାର ହେଲେ
171,ସେ ତାଙ୍କ ଆଙ୍ଗୁଠି କାଟିଲେ କିନ୍ତୁ ରକ୍ତସ୍ରାବ ହେଲା ନାହିଁ |
172,ସେ ନିଜ ଭାଇକୁ ପ୍ରତାରଣା କରି ଭଲ କରିନଥିଲେ
173,ସେ ମିଛ କୁହନ୍ତି ନାହିଁ
174,ସେ ଭୂମିରେ ଏକ ପତ୍ର ଆଙ୍କିଲେ
175,ସେ ନଦୀରେ ପଡ଼ିଗଲେ
176,ସେ ମୋତେ ବହୁତ ଭଲ ଉପଦେଶ ଦେଇଥିଲେ |
177,ସେ ମୋତେ ଲୁଣ ଦେଇଥିଲେ କିନ୍ତୁ ଚିନି ନୁହେଁ |
178,ସେ ବସି ଥକି ଯାଇଥିଲେ
179,ସେ ବସି ଥକିଗଲେ
180,ତାଙ୍କୁ ଅନ୍ଧାରର ଭୟ ଥିଲା
181,ତାଙ୍କର ଗୋଲାକାର ଚେହେରା ଅଛି |
182,ତାଙ୍କର ଦୁଇ ଭାଇଭଉଣୀ ଅଛନ୍ତି
183,ସେ ନିଜର ଦାଗକୁ ଭଲ ଭାବରେ ଲୁଚାନ୍ତି |
184,ସେ ମୋତେ ଆଘାତ କରି ଦୌଡ଼ି ପଳାଇଲେ
185,ସେ ଅଫିସରେ ଏକ ଉଚ୍ଚ ପଦବୀରେ ଅଛନ୍ତି
186,ସେ ଜଣେ ଭଲ ମଣିଷ
187,ସେ ବହୁତ ଶିକ୍ଷିତ ବ୍ୟକ୍ତି |
188,ସେ କୁମ୍ଭୀରକୁ ଭୟ କରନ୍ତି
189,ସେ ଅନେକ ବର୍ଷ ଧରି ଏହି କାମ କରୁଛନ୍ତି |
190,ସେ ତାଙ୍କ ପତ୍ନୀ ଉପରେ ନିର୍ଭରଶୀଳ |
191,ସେ ଲତାଙ୍କ ସ୍ୱାମୀ
192,ସେ ନିଜ ପୁଅକୁ ଗଛ କାଟିବାରେ ସାହାଯ୍ୟ କରୁଛନ୍ତି
193,ସେ ବାଲିରେ ଖେଳୁଛନ୍ତି |
194,ସେ ଛାଇରେ ଠିଆ ହୋଇଛନ୍ତି |
195,ସେ ଗାଁର ସବୁଠାରୁ ଧନୀ ବ୍ୟକ୍ତି
196,ସେ ଉଚ୍ଚ ଗଛରେ ଚଢିବା ପାଇଁ ଅଭ୍ୟସ୍ତ |
197,ସେ ପର୍ବତ ଆରୋହଣରେ ଅଭ୍ୟସ୍ତ |
198,ସେ ତାଙ୍କ ପିତାଙ୍କ ପରି ଦେଖାଯାଉଛନ୍ତି |
199,ସେ ସାଇକେଲ ଚଲାଇବାକୁ ଭଲ ପାଆନ୍ତି |
200,ସେ ଲାଲ୍ ସାର୍ଟ ପିନ୍ଧିଥିଲେ |
201,ସେ ବସିଗଲେ
202,ସେ କାମ ଶେଷ କରିବା ପାଇଁ ବିଳମ୍ବିତ ରାତିରେ ବସିଥିଲେ |
203,ସେ ନିଜ ନଖରେ ଭୂପୃଷ୍ଠକୁ ଉଖୁରେଇଥିଲେ
204,ସେ ତା ହାତକୁ ଜୋରରେ ଚିପିଦେଲା |
205,ସେ ଫଳ ଧୋଇବା ଆରମ୍ଭ କଲେ |
206,ସେ ଭାବିଲେ ମୁଁ ତାଙ୍କୁ ହତ୍ୟା କରିବି
207,ସେ କୁକୁରକୁ ପଥର ଫିଙ୍ଗିଲା |
208,ସେ ପୋଖରୀରେ ପଥର ଫିଙ୍ଗିଥିଲେ
209,ସେ ମୋତେ କହିଥିଲେ ଯେ ସେ ଶୀଘ୍ର ସହର ଛାଡି ଯାଉଛନ୍ତି
210,ସେ ଧୀର ଏବଂ ଯତ୍ନଶୀଳ ପଦକ୍ଷେପରେ ଚାଲିଲେ |
211,ସେ ଘଟଣାର କାରଣ ଜାଣିବାକୁ ଚାହୁଁଥିଲେ
212,ସେ ଜଣେ ଭଲ ସ୍ୱାମୀ ଥିଲେ
213,ସେ ବିଛଣାରେ ଶୋଇଥିଲେ
214,ସେ ଧୀରେ ଧୀରେ ଚାଲୁଥିଲେ
215,ସେ ନିଜ ଲୁହ ପୋଛିଦେଲା |
216,ସେ କାମ ଶେଷ କରିବା ପାଇଁ ବିଳମ୍ବିତ ରାତିରେ କାମ କରିଥିଲେ |
217,ତା’ର ପିଠି କାନ୍ଥରେ ଆଘାତ କଲା
218,ତାଙ୍କ ଭାଇ ଏତେ ଲମ୍ବା |
219,ତାଙ୍କ ପିତା ଭୟଭୀତ ଥିଲେ
220,ତାଙ୍କର କେଶ ଶୁଖିଲା |
221,ତା’ର କେଶ ଉକୁଣି ଦ୍ଵାରା ସଂକ୍ରମିତଅଟେ ଅଟେ |
222,ତା’ର ଚର୍ମ ବାଦାମୀ ରଙ୍ଗର |
223,ତା’ର ଚର୍ମ ସମ୍ପୂର୍ଣ୍ଣ ରୂପେ ଚିକ୍କଣ |
224,ତା’ର ଚର୍ମ ବାସ୍ତବରେ ଚିକ୍କଣ |
225,ତାର ଅଣ୍ଟା ବହୁତ ପତଳା ଥିଲା |
226,ତାଙ୍କ ପିଲାଟି ରାତିସାରା କାଶିଲା |
227,ତାଙ୍କର ହସ ଛୋଟ କିନ୍ତୁ ଜୋରରେ ଥିଲା |
228,ତାଙ୍କର ହାଣ୍ଡି ବହୁତ ଭାରୀ ଥିଲା |
229,ତୁମେ ଦଉଡିକୁ ଢିଲା କରି ଧର |
230,ମୁଁ ପାଣି ଭରିବାବେଳେ ଏହି ହାଣ୍ଡିକୁ ଧରି ରଖ |
231,ମୋ ପାଇଁ ଏହି ଦଉଡି ଧରି ରଖ |
232,ପହଁରିବା ସମୟରେ ନିଶ୍ୱାସ ଧରି ରଖନ୍ତୁ |
233,ଘୋଡା ଗାଡି ଟାଣି ନେଉଛି |
234,ଆପଣ କିପରି ଏହି ଉଚ୍ଚ ହେଜ୍ ଉପରେ ଡେଇଁବାକୁ ଯାଉଛନ୍ତି?
235,ଆପଣ କିପରି ଗାଈକୁ ବାନ୍ଧିବାକୁ ଯାଉଛନ୍ତି?
236,ତୁମେ କେମିତି ଅଛ ?
237,ହ୍ରଦ କେତେ ଗଭୀର?
238,ତୁମେ କେମିତି ରାନ୍ଧୁଛ?
239,ତୁମେ କିପରି ନଦୀ ପାର କଲ?
240,ତୁମେ କିପରି ପହଁରିବା ଶିଖିଲ?
241,ତୁମେ ଏହି ହାଣ୍ଡି କିପରି ତିଆରି କଲ?
242,ତୁମେ କିପରି ଏତେ ସୁନ୍ଦର ମାଟିପାତ୍ର ତିଆରି କରୁଛ |
243,ଆପଣ ଏଠାରୁ ବଜାରକୁ କିପରି ପହଞ୍ଚିବେ?
244,ତୁମେ ଏଠାରୁ ଅନ୍ୟ ଗାଁକୁ କିପରି ପହଞ୍ଚିବ?
245,ଆପଣ କେତେ ଦୂର ଯାଉଛନ୍ତି?
246,ବିଦ୍ୟାଳୟ ଏଠାରୁ କେତେ ଦୂର?
247,ତୁମର ସ୍ୱାସ୍ଥ୍ୟ କେମିତି ଅଛି?
248,ଆପଣଙ୍କ ପାଖରେ କେତୋଟି ଆତ ଅଛି?
249,ତୁମେ କେତେ ପାଇଲ?
250,ତୁମର ସହରକୁ ଯାତ୍ରା କିପରି ହେଲା?
251,ତୁମେ କିପରି ଏହି ଉଚ୍ଚ ପାଚିରୀ ଉପୁରୁ ଡେଇଁବ?
252,ସ୍ୱାମୀ ମସଲାଯୁକ୍ତ ଖାଦ୍ୟ ପସନ୍ଦ କରନ୍ତି ନାହିଁ |
253,ସ୍ୱାମୀ ବହୁତ ସାହାଯ୍ୟ କରନ୍ତି |
254,ମୁଁ ଜଣେ କୃଷକ
255,ମୁଁ କୁକୁରକୁ ଭୟ କରେ କାରଣ ଏହା ମୋତେ ଥରେ କାମୁଡି ଦେଲା |
256,ମୁଁ ସବୁବେଳେ ଯୁଦ୍ଧ ପାଇଁ ପ୍ରସ୍ତୁତ |
257,ମୁଁ ଥଣ୍ଡା ଏବଂ ଓଦା ଅଟେ |
258,ଗତ ରାତିରୁ ମୋର ଦାନ୍ତ ଯନ୍ତ୍ରଣା ହେଉଛି |
259,ଷ୍ଟେସନରେ ପହଞ୍ଚିବାକୁ ମୁଁ ତତ୍ପର ଅଟେ |
260,ମୁଁ ସହରକୁ ପହଞ୍ଚିବାକୁ ତତ୍ପର ଅଟେ |
261,ମୁଁ ଷ୍ଟେସନ ନିକଟରେ ଅଛି
262,ଫୁଲଟିକୁ ତୋଳିବାକୁ ମୁଁ ବହୁତ ଛୋଟ ଅଟେ
263,ତାଙ୍କ ଆଚରଣରେ ମୁଁ ବହୁତ କ୍ରୋଧିତ |
264,ମୁଁ କମ୍ବଳ ଭିତରେ ଗରମ |
265,ମୁଁ ତୁମକୁ ଲମ୍ବା ବାଡ଼ି ସଂଗ୍ରହ କରିବାକୁ କହିଲି |
266,ମୁଁ ଜିଭକୁ ଦାନ୍ତରେ କାମୁଡି ଦେଲି
267,ମୁଁ ଦଶ ଟଙ୍କାରେ ସବୁକିଛି କିଣିଛି |
268,ଆଜି ରାତିର ଭୋଜନ ପାଇଁ ମୁଁ କିଛି ମାଂସ କିଣିଲି |
269,ମୁଁ ସେହି ମେଷଶାବକକୁ ମୋ ପୁଅ ପାଇଁ କିଣିଛି |
270,ମୁଁ ହାଣ୍ଡି ଭାଙ୍ଗିଲି |
271,ରାତିରେ ଘଟଣା ବିଷୟରେ ମୁଁ ଜାଣିଲି |
272,ଆସନ୍ତାକାଲି ପରେ ମୁଁ ଫେରି ଆସିପାରେ |
273,ମୁଁ ଯୁଦ୍ଧ ଓ ଶିକାର କରିପାରିବି |
274,ମୁଁ ତାଙ୍କୁ ଏକ ପୁତ୍ର ଦେଇପାରେ |
275,ମୁଁ ପବନରେ ଘଷି ହେଉଥିବା ପତ୍ରର ଶବ୍ଦ ଶୁଣିପାରେ |
276,ମୁଁ ଗଛରେ ରହି ପବନର ଶବ୍ଦ ଶୁଣିପାରେ |
277,ମୁଁ ଏ ପର୍ଯ୍ୟନ୍ତ ତୁମକୁ ଶୁଣିପାରୁ ନାହିଁ |
278,ମୁଁ ଏହି ଭାରୀ ବ୍ୟାଗକୁ ଧରିପାରୁ ନାହିଁ |
279,ମୁଁ ତା’ର ଦୁଃଖୀ ମୁହଁକୁ ଦେଖିପାରୁ ନାହିଁ |
280,ମୁଁ ଭଲ ଦେଖିପାରୁ ନାହିଁ |
281,ସେଠାରେ କ’ଣ ଲେଖା ହୋଇଛି ମୁଁ ଦେଖିପାରୁ ନାହିଁ |
282,ମୁଁ ବର୍ତ୍ତମାନ ଗୀତ ଗାଇ ପାରିବି ନାହିଁ
283,ମୁଁ ତାଙ୍କର ଖରାପ ଆଚରଣକୁ ସହ୍ୟ କରିପାରିବି ନାହିଁ |
284,ମୁଁ କାଦୁଅ ରାସ୍ତାରେ ଯାଇ ପାରିବି ନାହିଁ |
285,ମୁଁ ସେହି ଘରୁ ଧୂଆଁ ବାହାରୁଥିବା ଦେଖିପାରୁଛି |
286,ମୁଁ ଜଳୁଥିବା ବସ୍ତୁର ଗନ୍ଧ ବାରିପାରେ |
287,ମୁଁ ଦୂରରୁ ମଲ୍ଲୀ ଫୁଲର ବାସ୍ନା ବାରିପାରେ |
288,ମୁଁ ନଦୀ ପହଁରି ପାର ହୋଇପାରେ |
289,ମୁଁ ଭଲ ପହଁରି ପାରିବି |
290,ମୁଁ ଥଣ୍ଡା ଅନୁଭବ କଲି
291,ଆଜି ରାତିରେ ମୁଁ କୌଣସି ତାରା ଦେଖିପାରିଲି ନାହିଁ |
292,ମୁଁ ଗତକାଲି ସ୍କୁଲ ଯାଇ ନଥିଲି |
293,ମୁଁ କାଠପଥର ସହିତ କଥାବାର୍ତ୍ତା କଲି ନାହିଁ |
294,ମୁଁ ତୁମର ସାଧନ ସହିତ ଖେଳିଲି |
295,ମୁଁ ମାଂସ ଖାଏ ନାହିଁ
296,ମୁଁ ବିଦ୍ୟାଳୟକୁ ଯାଏ ନାହିଁ |
297,ଡକାୟତି ବିଷୟରେ ମୁଁ କିଛି ଜାଣେ ନାହିଁ |
298,ତୁମେ ଏଠାକୁ ଆସିବାକୁ ମୁଁ ପସନ୍ଦ କରେ ନାହିଁ |
299,ମୁଁ ମୋ ସ୍ତ୍ରୀକୁ ଭଲ ପାଏ ନାହିଁ
300,ମୁଁ ଓଦା ହେଲେ ମୋର କିଛି ଆପତ୍ତି ନାହିଁ |
301,ମୁଁ ରାତିରେ ଶୋଇ ନାହିଁ |
302,ମୁଁ ଭାବୁନାହିଁ ସେ ମୋତେ ପସନ୍ଦ କରନ୍ତି |
303,ମୁଁ ମୋର ଆଙ୍ଗୁଠି କାଟିବାକୁ ଚାହେଁ ନାହିଁ |
304,ମୁଁ କଳସୀ ବ| ମାଠିଆ ରୁ ପାଣି ପିଇଲି |
305,ମୃତ କୁକୁରକୁ କବର ଦେବା ପାଇଁ ମୁଁ ଏକ ଗାତ ଖୋଳିଲି
306,ମୁଁ ଭୟ କରୁଛି ଆଜି ରାତିରେ ଝଡ ଆସିବ |
307,ମୁଁ ଗୀତ ଗାଇବା ଭଳି ଅନୁଭବ କରୁଛି |
308,ଆଜି ରାତିରେ ମୁଁ ଗରମ ଅନୁଭବ କରୁଛି |
309,ମୁଁ ବହୁତ ଶୀଘ୍ର ଶୋଇପଡିଲି |
310,ଏହି ଖବର ପାଇ ମୁଁ ଖୁସି ଅନୁଭବ କଲି |
311,ମୁଁ ତରକାରୀରେ ଲୁଣ ପକାଇବାକୁ ଭୁଲିଗଲି |
312,ମୁଁ ଦୁଷ୍ଟ ପିଲାକୁ ଏକ ଭଲ ଧକ୍କା ଦେଲି |
313,ମୁଁ ବିଳମ୍ବିତ ରାତିରେ ଶୋଇବାକୁ ଯାଏ |
314,ମୁଁ ପୋଷାକ କିଣିବାକୁ ବଜାରକୁ ଯାଏ |
315,ଉପହାର ସ୍ୱରୂପ ମୁଁ ଏକ ସୁନ୍ଦର ସାରୀ ପାଇଲି |
316,ମୁଁ ଚିଠି ଲେଖି ଲେଖି ବିରକ୍ତ ହୋଇଗଲି |
317,କ୍ଷେତରେ କାମ କରିବାବେଳେ ମୁଁ ମୋ ହାତକୁ ବହୁତ ମଇଳା କରିଥିଲି |
318,ମୁଁ ମୋ ଆଖିରେ କିଛି ବାଲି ପାଇଲି |
319,ମୋର ଅସୁସ୍ଥତା ପରେ ମୁଁ ପତଳା ହୋଇଗଲି |
320,ମୁଁ ଏକ ନଦୀ ନିକଟରେ ବଡ ହୋଇଗଲି |
321,ଆଜି ମୋର ଟିକିଏ ଚାଉଳ ଥିଲା |
322,ମୁଁ ଏହି ମଇଳା କାମ କରିବାକୁ ଘୃଣା କରେ |
323,ମୁଁ ମିଛ କହୁଥିବା ଲୋକଙ୍କୁ ଘୃଣା କରେ
324,ମୋର ଜ୍ୱର ଅଛି
325,ତୁମକୁ କହିବାକୁ ମୋର ଏକ ଭଲ ଖବର ଅଛି |
326,ପାହାଡରେ ମୋର ଏକ ଘର ଅଛି |
327,ମୋର ଏକ ଲାଲ୍ ରଙ୍ଗର ଶାଢୀ ଅଛି |
328,ଡକାୟତି ବିଷୟରେ ମୋ ପାଖରେ ସମ୍ୟକ ସୂଚନା ଅଛି |
329,ମୋର ଚାରୋଟି ପିଉସୀ ଅଛନ୍ତି |
330,ମୁଁ ଘାସରେ ମୋର ଚାବି ହଜାଇଦେଇଛି|
331,ମୁଁ ପ୍ରକୃତରେ ପହଁରିବା ଶିଖିଛି |
332,ଡକାୟତି ବିଷୟରେ ମୋର କିଛି ସୂଚନା ଅଛି |
333,ମୋତେ ଏବେ ଯିବାକୁ ପଡିବ
334,ମୋର ଦୁଇଟି ଛୁରୀ ଏବଂ ଗୋଟିଏ ହାତୁଡ଼ି ଅଛି |
335,ମୁଁ ତାଙ୍କୁ କିଟ୍ ଉଡ଼ାଇବାରେ ସାହାଯ୍ୟ କଲି |
336,ମୁଁ ଆଶା କରୁଛି ଆସନ୍ତାକାଲି ସୂର୍ଯ୍ୟ କିରଣ ହେବ |
337,ମୁଁ ସଙ୍ଗେ ସଙ୍ଗେ ନିଆଁ ଜଳାଇଲି |
338,ମୁଁ ଗଛରୁ ଡେଇଁ ପଡି ତଳେ ପଡ଼ିଗଲି
339,ମୁଁ କେବଳ ପତଳା ପନିପରିବା ଫିଙ୍ଗି ଦେଲି |
340,ମୁଁ ଖରାପ ଲୋକଙ୍କୁ ହତ୍ୟା କରେ |
341,କାଗଜରେ କ’ଣ ଲେଖା ହୋଇଛି ମୁଁ ଜାଣେ |
342,ମୁଁ ଜାଣେ ତୁମେ କଣ କହୁଛ
343,ମୁଁ ଉଚ୍ଚ ଗଛ ଚଢ଼ିବାକୁ ପସନ୍ଦ କରେ |
344,ମୁଁ ନଦୀରେ ମାଛ ମାରିବାକୁ ପସନ୍ଦ କରେ |
345,ମୁଁ ଇନ୍ଦ୍ରଧନୁ ଦେଖିବାକୁ ପସନ୍ଦ କରେ |
346,ମୁଁ ଏଠାରେ ରହେ
347,ମୁଁ ଛୋଟ ଭଉଣୀ ସହିତ ଖେଳିବାକୁ ଭଲ ପାଏ |
348,ମୁଁ ବାଡ଼ିଟିକୁ ଭୁଲ ରେ ସାପ ବୋଲି ଭାବି ଦେଲି |
349,ମୋତେ କିଛି ପାଣି ଦରକାର |
350,କାନ୍ଥଟିକୁ ଧରି ରଖିବା ପାଇଁ ମୋର ଦୁଇଟି ବାଉଁଶ ଦରକାର |
351,ମୁଁ କେବେ ତମାଖୁ ଖାଇବାକୁ ପସନ୍ଦ କରେ ନାହିଁ |
352,ମୁଁ ଥରେ ମାତ୍ର ତମାଖୁ ସେବନ କରିଥିଲି |
353,ମୁଁ ଜଣେ ମହିଳା ଡାକ୍ତରଙ୍କ ସହ ପରାମର୍ଶ କରିବାକୁ ପସନ୍ଦ କରେ |
354,ମୁଁ ମୋ ମାଙ୍କୁ ସମ୍ମାନ କରେ
355,ମୁଁ କ୍ଷତ ଉପରେ କିଛି ମଲମ ଲଗାଈଲି |
356,ମୁଁ ବେଞ୍ଚ ଉପରେ ବସିଲି |
357,ମୁଁ ଚଟାଣରେ ବସି ପନିପରିବା କାଟିଲି |
358,ଆଜି ରାତିରେ ମୁଁ ଏକ ଉଜ୍ଜ୍ୱଳ ଚନ୍ଦ୍ର ଦେଖିଲି |
359,ମୁଁ ରଙ୍ଗ ର ଶାଢୀ ପିନ୍ଧିଥିବା ଜଣେ ମହିଳାଙ୍କୁ ଦେଖିଲି |
360,ମୁଁ ତାଙ୍କୁ ଅନ୍ୟ ଦିନ ମଧ୍ୟ ଦେଖିଲି |
361,ଗତ ମାସରେ ମୁଁ ତାଙ୍କୁ ଅନେକ ଥର ଦେଖିଲି |
362,ମୁଁ ତୁମକୁ ଗତକାଲି ଦେଖିଲି
363,ମୁଁ ଗତ ରାତିରେ ଭଲ ଶୋଇଥିଲି |
364,ମୁଁ ରାତିସାରା ରହିଲି
365,ମୁଁ ଗତକାଲି ବିଳମ୍ବିତ ରାତିରେ ରହିଲି |
366,ମୁଁ ଭାବୁଛି ସେ କିଛି କହିବାକୁ ଚେଷ୍ଟା କରୁଛନ୍ତି |
367,ମୁଁ ଭାବୁଛି ମସାଲାକୁ ଗ୍ରାଇଣ୍ଡ୍ କରିବା ଭଲ ହେବ |
368,ମୁଁ ଭାବୁଛି ସେ ଜଣେ ଭଲ ଝିଅ ଅଟେ |
369,ମୁଁ ଭାବୁଛି ଏକ ଛତା ନେବା ଭଲ |
370,ମୁଁ ଭାବୁଛି ତୁମେ ଭଲ କାମ କରୁଛ |
371,ମୁଁ ପକ୍ଷୀଟିକୁ ପଥର ଫିଙ୍ଗିଲି |
372,ମୁଁ ମୋର ଜୋତା ଫୋପାଡି ଦେଲି |
373,ମୁଁ ପଚା ପନିପରିବା ସବୁ ଫିଙ୍ଗି ଦେଲି |
374,ମୁଁ ଗାଈକୁ ଗଛରେ ଭଲ ଭାବରେ ବାନ୍ଧିଲି |
375,ମୁଁ ମୋ ଝିଅକୁ ବୁଲିବାକୁ ନେଇଗଲି |
376,ମୁଁ ନଦୀ କୂଳେ କୂଳେ ଚାଲିଲି |
377,ମୁଁ ଚାହୁଁଛି ଲାଲ୍ ଫୁଲ ହଳଦିଆ ନୁହେଁ |
378,ମୁଁ ଚନ୍ଦ୍ରକୁ ଯିବାକୁ ଚାହୁଁଛି |
379,ମୁଁ ମୋର ସାଙ୍ଗମାନଙ୍କ ସହିତ ଖେଳିବାକୁ ଚାହୁଁଛି |
380,ମୁଁ ଜଣେ ମହିଳା ଡାକ୍ତରଙ୍କ ସହ ପରାମର୍ଶ କରିବାକୁ ଚାହେଁ |
381,ମୁଁ ଗୁଣ୍ଡା/ଦୁବୃତ୍ତ ଦ୍ବାରା ମାଡ ଖାଇଲି |
382,ମୁଁ ଗୁଣ୍ଡା/ଦୁବୃତ୍ତ ଦ୍ବାରା ନିସ୍ତୁକ ଭାବରେ ମାଡ ଖାଇଲି |
383,ଛତା ଥାଇକି ବି ମୁଁ ଭିଜି ଗଲି |
384,ମୁଁ ମୋ ନିଜ ସାର୍ଟ ଧୋଇଲି |
385,ମୁଁ ଜୁଆରେ ସମସ୍ତ ଟଙ୍କା ନଷ୍ଟ କରିଥିଲି |
386,ମୋର ଚାରି ବର୍ଷ ବୟସରେ ମୁଁ ସେଠାକୁ ଯାଇଥିଲି |
387,ମୁଁ ପରେ ଫେରିବି
388,ମୁଁ ତୁମ ଆଗରେ ମରିବି
389,ମୁଁ ମୋ ହାତରୁ ମଇଳା ପୋଛି ଦେଲି |
390,ତୁମେ ମୋତେ କହିଥିଲେ ମୁଁ ଯାଇଥାନ୍ତି |
391,ମୁଁ ଗୋଟିଏ ଘରର ମାଲିକ ହେବାକୁ ଚାହେଁ |
392,ମୁଁ ତୁମକୁ କଦାପି ମାରିବି ନାହିଁ |
393,ମୁଁ ତୁମକୁ ହରାଇବା ଅପେକ୍ଷା ମରିବାକୁ ଚାହେଁ |
394,ଯଦି ସେ ମୋତେ ପଚାରନ୍ତି ମୁଁ ନିଶ୍ଚିତ ଭାବରେ ପୁରା କାହାଣୀ କହିବି |
395,ଯଦି ସେ ମୋତେ ପଚାରନ୍ତି ମୁଁ କାହାଣୀ କହିବି |
396,"ଯଦି ସେ ଆଗରୁ ଆସିଥାନ୍ତେ, ତେବେ ସେ ଚିଠିକୁ ଦେଖିଥାନ୍ତେ |"
397,ଯଦି ସେ ଆସିପାରିବ ତେବେ ସେ ଆସିବା ଉଚିତ୍ |
398,ଯଦି ସେ ଆଗରୁ ଆସିଥାନ୍ତେ ତେବେ ସେ ଚିଠି ଦେଖିଥାନ୍ତେ |
399,"ଯଦି ସେ ତାଙ୍କୁ ଅଧ୍ୟୟନ କରିଥାନ୍ତେ, ତେବେ ସେ ବର୍ତ୍ତମାନ ସୁଦ୍ଧା ଚାକିରି ପାଇଥାନ୍ତେ |"
400,"ଯଦି ସେ ଅଧ୍ୟୟନ କରିଥାନ୍ତେ, ତେବେ ସେ ଚାକିରି ପାଇଥାନ୍ତେ |"
401,"ଯଦି ସେ ନିଜକୁ କାଟିଦିଏ, ତେବେ ରକ୍ତସ୍ରାବ ହେବ |"
402,ଯଦି ତୁମେ ମୋତେ ମାରିବ ମୁଁ କାନ୍ଦିବି
403,ଯଦି ତୁମେ ମୋତେ ଟଙ୍କା ନ ଦିଅ ତାହା ହେଲେ ମୁଁ ସମସ୍ତଙ୍କୁ ଜଣାଇ ଦେବି |
404,"ଯଦି ତୁମେ ମୋତେ ମିଠା ନ ଦିଅ, ମୁଁ କାନ୍ଦିବି |"
405,ଯଦି ତୁମେ ମୋତେ ଟଙ୍କା ନ ଦିଅ ତାହା ହେଲେ ମୁଁ ସମସ୍ତଙ୍କୁ ଜଣାଇ ଦେବି |
406,"ଯଦି ତୁମେ ତାଙ୍କୁ ଛୁରାମାଡ଼ କର, ତୁମେ ଜେଲକୁ ଯିବ |"
407,ପୁରତାନ କାଳରେ ଲୋକ ମାନେ ଗଛର ଛେଲିରେ ଲେଖୁଥିଲେ |
408,ବର୍ଷା ହେଉଛି କି?
409,ଏହି ସେଓ ଗୁଡିକ ଲାଲ କି ?
410,ଘରେ ନିଆଁ ଲାଗିଛି କି?
411,ସ୍ଥାନଟି ଦୂର କି?
412,ଏହି ସ୍ଥାନଟି ତୁମ ଘର ପାଖରେ କି ?
413,ବର୍ଷା ଆରମ୍ଭ ହେଲା
414,ଘରେ ରହିବା ବହୁତ ଭଲ ଲାଗିଲା |
415,ନଖ ଭାଙ୍ଗିଗଲେ ଏହା ବହୁତ କଷ୍ଟ ଦିଏ |
416,ଆଜି ଏହା ଏକ ସ୍ୱଚ୍ଛ ଆକାଶ |
417,ଆଜି ଟିକେ ଥଣ୍ଡା |
418,ଏହା ସେହି ଗଛଠାରୁ ଅଳ୍ପ ଦୂରରେ |
419,ଆଜି କୁହୁଡି ହୋଇଛି
420,ଏହା କେବଳ ଏକ ଛୋଟ କଟା |
421,ଆଜି ସନ୍ଧ୍ୟାରେ ବର୍ଷା ହେବାର ସମ୍ଭାବନା ରହିଛି
422,ଏହା ତୁମର ଦୋଷ ନୁହେଁ |
423,ଏହା କେବଳ ଏକ ସ୍କ୍ରାଚ୍ |
424,ବର୍ଷା ହେଉଛି
425,ମନ୍ଦିରକୁ ଯିବାର ସମୟ ଆସିଛି
426,ବାହାରେ ବହୁତ ଥଣ୍ଡା |
427,ଆଜି ଦିନଟି ଗରମ ଅଛି |
428,ରାତିରେ ବର୍ଷା ହୋଇପାରେ |
429,ଗତକାଲି ପ୍ରବଳ ବର୍ଷା ହୋଇଥିଲା
430,ବର୍ଷ ପରେ ବର୍ଷ ବିତିଯାଇଥିବା ପରି ଲାଗୁଛି |
431,ମଞ୍ଜି ଅଙ୍କୁରିତ ପାଇଁ ଏକ ସପ୍ତାହ ଲାଗିଲା |
432,ଏହା କେବଳ ଭଲ ମଜା ଥିଲା |
433,ଏହା କହିବା ବହୁତ କଷ୍ଟ ଯେ ସେ ମୋତେ କାହିଁକି ମିଛ କହିଲା |
434,କ୍ଷେତକୁ ହଳ କରିବାର ସମୟ ଆସିଗଲା |
435,ଆଜି ରାତିରେ ଥଣ୍ଡା ହେବ
436,ଏହି ରାସ୍ତା ନେବା ଭଲ ହେବ |
437,କେବଳ ବସି ଆରାମ କର |
438,ମଇଳା ପାତ୍ରଗୁଡିକ ସେଠାରେ ରଖନ୍ତୁ |
439,ପିଲାମାନେ ଫୁଲ ତୋଳିବାକୁ ପସନ୍ଦ କରନ୍ତି |
440,ମୋ ପାଇଁ ଗୋଟେ ସ୍ଵେଟର ହାତରେ ବୁଣି ଦିଅ|
441,ଲକ୍ଷ୍ମୀ ସୁନ୍ଦର କିନ୍ତୁ ମାନସିକ ବିକୃତିକ |
442,ଆମ୍ବ କୁ ଆଚାର ହେବାପାଇଁ ଶୁଖିବାକୁ ଦିଅ |
443,ଚାଲ ବସି ଆଲୋଚନା କରିବା |
444,ଚାଲ ଆମ ମଧ୍ୟରେ ଟଙ୍କା ବାଣ୍ଟିବା |
445,ଏହି ରୋଗକୁ କିପରି ନିୟନ୍ତ୍ରଣ କରାଯିବ ସେ ବିଷୟରେ ଚିନ୍ତା କରିବା |
446,ଚଳ ହ୍ରଦ ଆଡେ ବୁଲିଯିବା |
447,ଚାଲ ଟିକିଏ ଦୂର ପାଇଁ ଏକାଠି ଚାଲିବା |
448,ସିଂହଟି ଘଞ୍ଚ ବୁଦା ରେ ଅଦୃଶ ହୁଏ |
449,ସିଂହ ଏକ ଭୟଙ୍କର ପଶୁ
450,ଲମ୍ବା ବାଉଁଶ ସେଠାରେ ପଡ଼ି ରହିଥିଲା |
451,ସେହି ପର୍ବତକୁ ଦେଖ |
452,ଆକାଶକୁ ଦେଖ |
453,ସେହି କଳା ମେଘକୁ ଦେଖ |
454,ମଣିଷ କେବଳ ଥରେ ବଞ୍ଚେ |
455,ମନୋଜ ଆମ୍ବ କାଟିବା ସମୟରେ ନିଜ ଆଙ୍ଗୁଠି ଗୁଡିକ କାଟି ଦେଲେ |
456,ଅନେକ ମାଛ ମଧୁର ପାଣିରେ ବଞ୍ଚିପାରିବେ ନାହିଁ |
457,ଅନେକ ପିଲା ସେମାନଙ୍କ ପିତାମାତାଙ୍କୁ ହରାଇଲେ |
458,ଅନେକ ଲୋକ ଉକ୍ତ ସ୍ଥାନରେ ଏକତ୍ରିତ ହୋଇଥିଲେ
459,ମାମୁଁ ବହୁତ ସମୟ ଧରି ଗଛ ପାଖରେ ଠିଆ ହେଲେ |
460,ମୁଁ ନଦୀ ପାଖକୁ ଯାଇ ପାରେ କି?
461,ଆମେ ଭିତରକୁ ଆସିବା କି?
462,ମାଂସ ଧୀରେ ଧୀରେ ରନ୍ଧାଯାଏ |
463,ମାଂସ ଚୋବାଇବା କଷ୍ଟକର |
464,ମୀନା ପରିବାରର ପଞ୍ଚମ ସନ୍ତାନ |
465,ମୀନା ବସିଥିବା ବେଳେ ତାର ପିଠିକୁ ସିଧା କରିବସିଲା
466,ମୀନା ଜଣେ ଭଲ ପତ୍ନୀ ହେବେ |
467,ମୀନା ଏଠାରେ ରହିବେ |
468,ମନ୍ତ୍ରୀମାନେ ଦୁର୍ନୀତିଗ୍ରସ୍ତ କିନ୍ତୁ ସରପଞ୍ଚମାନେ ଦୁର୍ନୀତିଗ୍ରସ୍ତ ନୁହଁନ୍ତି |
469,ମୋହନ ଚୋର ବେକକୁ ଭାଙ୍ଗି ଦେଇଛନ୍ତି
470,ମୋହନଙ୍କର ଗୋଟିଏ ପଦଚାଳିତ ଦୁଈଚକିଆ ଯାନ ( ସାଈକେଲ) ଅଛି |
471,ମୋହନଙ୍କ ଝିଅ ଆପଣଙ୍କୁ ଡାକିବାକୁ ଆସିଥିଲେ |
472,ସେମାନଙ୍କ ମଧ୍ୟରୁ ଅଧିକାଂଶଙ୍କର ବାସକରିବାକୁ ଛୋଟ ଘର ଅଛି |
473,ମା ଆମ ଉପରେ ପାଟି କରିବାକୁ ପସନ୍ଦ କରନ୍ତି ନାହିଁ |
474,ମା ଶିଶୁକୁ ଖାଇବାକୁ ଦେଲେ |
475,ମା ସମସ୍ତଙ୍କୁ ଗୋଟିଏ ଗୋଟିଏ ଲଡୁ ଦେଲେ |
476,ମା ବହୁତ ଭଦ୍ର
477,ମା ନିଜ କେଶରେ ଫୁଲ ପିନ୍ଧିବାକୁ ଭଲ ପାଆନ୍ତି |
478,ମାଆ ଶିଶୁକୁ ଖାଇବାକୁ ଦେଲେ |
479,ମା କେବଳ ତେଜରାତି ଜିନିଷ ଦରକାର କରନ୍ତି |
480,ମା ମୋ ପାଇଁ ଏକ ସୁନ୍ଦର ଫ୍ରକ ସିଲେଈ କଲେ |
481,ମା ତାଙ୍କ ଝିଅ ପାଇଁ ରୋଷେଇ କରିବେ |
482,ମା ବର୍ତ୍ତମାନ ରୋଷେଇ କରିବେ |
483,ମୋର ମାଉସୀ ଜଙ୍ଗଲରେ ଏକ ଛାଇ ଦେଖିଲେ |
484,ମୋ ଭାଇ ଜଣେ ଶକ୍ତିଶାଳୀ ବ୍ୟକ୍ତି ହୋଇ ବଢ଼ିଲା |
485,ମୋର ପୋଷାକ ସବୁ ଓଦା |
486,ମୋ ଝିଅକୁ କୋଡ଼ିଏ ବର୍ଷ ବୟସ |
487,ମୋ ବାପା ଏହାକୁ ସହ୍ୟ କରିପାରିବେ ନାହିଁ |
488,ମୋ ବାପା ଆସବାବପତ୍ର ପସନ୍ଦ କରୁନଥିଲେ
489,ମହୁମାଛି କାମୁଡିବା ପରେ ମୋ ଆଙ୍ଗୁଠି ଫୁଲିଗଲା |
490,ମୋର ବନ୍ଧୁଙ୍କର ଏକ ଗୃହପାଳିତ କୁକୁର ଅଛି |
491,ମୋ ଜେଜେବାପା ତାଙ୍କ ଖାଦ୍ୟ ଧୀରେ ଧୀରେ ଖାଇଲେ
492,ମୋର ଦାନ୍ତ ମାଢି ଫୁଲି ଯାଇଛି |
493,କ୍ଷେତରେ କାମ କରିବା ସମୟରେ ମୋ ହାତ ଅପରିଷ୍କାର ହୋଇଗଲା |
494,ମୋର କୁକୁଡ଼ା ଅଣ୍ଡା ଦେଉଛି
495,ମୋର ଗୋଡରେ ଆଘାତ ଲାଗିଛି
496,ମା ବାଉଁଶ ବତାରେ ନିଆଁ ଲଗାଈଲେ |
497,ମୋ ମାଙ୍କର ତିନୋଟି ସେଟ୍ ଚୁଡି ଅଛି |
498,ମୋ ମା ଗୋଲ ଗୋଲ ରୋଟି ତିଆରି କଲେ |
499,ମୋ ମା କାହାକୁ ଆଘାତ କରିବେ ନାହିଁ |
500,ଅସୁସ୍ଥତା ହେତୁ ମା’ଙ୍କ ପେଟ ଫୁଲିଗଲା |
501,ମିଠା ଦେଖିବା ପରେ ମୋ ପାଟିରେ ପାଣି ଭରିଗଲା |
502,ମୋର ପାଟି ଶୁଖିଗଲା
503,ମୋର ପିତାମାତା ମୋତେ ଘରେ ରହିବାକୁ ବାଧ୍ୟ କରିଥିଲେ |
504,ମୋର ସାର୍ଟ ଏପର୍ଯ୍ୟନ୍ତ ଶୁଖିଲା ନାହିଁ |
505,ମୋ ସାଟ ତାଙ୍କ ସାର୍ଟ ଅପେକ୍ଷା ଧଳା ଅଟେ |
506,ମୋ ଭଉଣୀ ଚାଲି ଓ ଦୌଡ଼ି ପାରେ |
507,ମୋ ଭଉଣୀ ସାଇକେଲ ଚଳେଇବାକୁ ଡରୁଛନ୍ତି
508,ମୋ ଭଉଣୀ ଗୀତ ଗାଉଛନ୍ତି |
509,ମୋ ଭଉଣୀ ମୋତେ କହିଥିଲେ ଯେ ଗତ ରାତିରେ ପ୍ରବଳ ବର୍ଷା ହୋଇଥିଲା
510,ମୋର ଚର୍ମ କୁଣ୍ଡେଇ ହୁଏ |
511,ମୋ ମାମୁଁ ବିଦ୍ୟାଳୟ ନିକଟରେ ରୁହନ୍ତି |
512,ମୋ ମାମୁଁ ତମାଖୁ ଚୋବାଈ ଛେପ ପକାଇଲେ |
513,ମୋର ସାନ ଭଉଣୀ ଗଛରୁ ଡେଇଁ ପଡି ତଳେ ପଡ଼ିଗଲା
514,ମୋର ସାନ ଭଉଣୀ ମୋତେ କହିଲା ଯେ ବର୍ଷା ହୋଇଛି
515,ନା ମା ଆସିଲେ ନା ମୋ ଭଉଣୀ
516,ନିଶା ଚାରୋଟି କୋଳି ଚାହୁଛି |
517,ଅନ୍ୟ କେହି ମରିବେ ନାହିଁ |
518,କୋଠରୀରେ ଅନ୍ୟ କୌଣସି ବ୍ୟକ୍ତି ପ୍ରବେଶ କରିନଥିଲେ
519,ଘରେ କେହି ନାହାଁନ୍ତି |
520,ଚନ୍ଦ୍ରର କେହି ମାଲିକ ନୁହଁନ୍ତି |
521,ତେଲ ପାଣି ଉପରେ ଭାସିବ |
522,ବୃଦ୍ଧ ଲୋକ ବାଡ଼ି ବିନା ଚାଲିପାରିବ ନାହିଁ |
523,ବୃଦ୍ଧ ଲୋକଟିର ମୋଟା ଦାଢି ଅଛି|
524,ଗୋଟିଏ ଝିଅ ପୁଅମାନଙ୍କ ବିରୋଧରେ ଏକାକୀ ଠିଆ ହେଲା |
525,ସମାବେଶକୁ କେବଳ ଅଳ୍ପ ଲୋକ ଆସିଥିଲେ
526,ଅନ୍ୟ ପଶୁମାନେ ରାତିରେ ଦେଖାଯାନ୍ତି |
527,ଯାତ୍ରା ପାଇଁ କିଛି ଖାଦ୍ୟ ପ୍ୟାକ୍ କରନ୍ତୁ |
528,ପଲ୍ଲୀ ର ସ୍ମରଣ ଶକ୍ତି କମ
529,କାଗଜ ସହଜରେ ନିଆଁକୁ ଆୟତ୍ତ କରେ |
530,ଲୁଣ ଟିକେ ବଢାଈ ଦିଅ ରାତିରେ |
531,ଜେଜେବାପା ବୁଲିବାକୁ ଯାଉଛନ୍ତି |
532,ଏଠାକାର ଲୋକମାନଙ୍କର ହୃଦୟ ଭଲ ଅଛି |
533,ଏଠାରେ ଲୋକମାନେ ପଶୁମାନଙ୍କୁ ଭଲ ପାଆନ୍ତି |
534,ଲୋକମାନେ ମନ୍ଦିର ବେଦୀ ଉପରେ ଫୁଲ ରଖନ୍ତି |
535,ଲୋକମାନେ ସେଠାକୁ ପୂଜା କରିବାକୁ ଗଲେ |
536,ଲୋକମାନେ ତୁମ ଗାଁ ବିଷୟରେ ପଚାରିବେ |
537,ଫୁଲୱାଣ୍ଟ ପକ୍ଷୀ ପରି ଖାଏ |
538,ବହି ଉଠାଇ ଟେବୁଲ ଉପରେ ରଖ |
539,ଦୟାକରି ମୋ ପାଇଁ ଏକ ସ୍ୱିଟର ବୁଣନ୍ତୁ |
540,ଦୟାକରି ତୁମେ ନିଜ ପାଇଁ ଏକ ସ୍ୱିଟର ବୁଣନ୍ତୁ |
541,ବାଡି ରେ ମୋତେ ଠେଲ |
542,ପ୍ରେମଲାଟା ଡାକ୍ତର ହେବା ପାଇଁ କଠିନ ପରିଶ୍ରମ କଲା |
543,ଏହାକୁ ଟାଣି ନିଅ |
544,ପାଚିଲା କେଶକୁ ବାହାର କର |
545,ବଟନ୍ କୁ ଦବାନ୍ତୁ |
546,ଶଗଡ ଗାଡିକୁ ଠେଲି ଦିଅ |
547,ପୁଷ୍ପା ବସ୍‌ରେ ଆମ୍ବ ଖାଇଥିଲେ
548,ପୁଷ୍ପା ପ୍ରତିଦିନ ଶୁଖିଲା ପତ୍ର ସଂଗ୍ରହ କରନ୍ତି |
549,ପୁଷ୍ପା ସାହାଯ୍ୟ କରିବେ କିନ୍ତୁ ରେଶମା ନୁହେଁ
550,କେଟଲିକୁ ନିଆଁରେ ରଖନ୍ତୁ |
551,ଗଛର ବକଳ ପଛରେ ହାତ ରଖ |
552,ବର୍ଷା ଏତେ ପ୍ରବଳ |
553,ବର୍ଷା ଜଳ ଛାତରୁ ଖସିଗଲା |
554,ରାଜେଶ ବଗିଚାରେ ପାଞ୍ଚଟି ଆମ୍ବ ଗଛ ପାଇଲେ
555,ରାଜେଶ ତାଙ୍କୁ ବାଡିରେ ପିଟିଥିଲେ
556,ରାଜୀବ ଗାନ୍ଧୀଙ୍କୁ ଏକ ବୋମା ଦ୍ୱାରା ହତ୍ୟା କରାଯାଇଥିଲା
557,ରାମ ଏବଂ ସୀତା ଦୁହେଁ ମେଲା ଦେଖିବାକୁ ଗଲେ |
558,ରାମ ଏବଂ ସୀତା ଦୁହେଁ ଫିଲ୍ମ ଦେଖିବାକୁ ଯାଇଥିଲେ
559,ରାମ ଆମ୍ବ କାଟିଲେ
560,ରାମ ଆମ୍ବ ଖାଉଛନ୍ତି
561,ରାମ ଭୋକିଲା ଅଛନ୍ତି
562,ଗତକାଲି ରାମ ତାଙ୍କ ମାଙ୍କୁ ଏକ ଚିଠି ଲେଖିଥିଲେ
563,ରମେଶ ଜଣେ ଜ୍ଞାନୀ ବ୍ୟକ୍ତି
564,ଗତ ବର୍ଷ ରମେଶ ତାଙ୍କର ପ୍ରିୟ ଜୀବନ ହରାଇଲେ |
565,ରମେଶ ଅନେକ ଥର ଭୁଲ କରିଥିଲେ
566,ରମେଶ ଗଛର ବକଳ ଛଡ଼େଇଲେ
567,ରାମଙ୍କ ସାର୍ଟ ନୀଳ ଅଟେ |
568,ଆସନ୍ତାକାଲି ରାମଙ୍କ ଭଉଣୀର ବିବାହ |
569,ରାମୁ ତାଙ୍କ ଘର ଗଛ ଉପରେ ନିର୍ମାଣ କରୁଛନ୍ତି
570,ରାମୁ ସାପକୁ ହତ୍ୟା କଲା
571,ରାଣା ଫଳ ଖାଇବାକୁ ପସନ୍ଦ କରନ୍ତି ନାହିଁ |
572,ରାବଣ ରାମଙ୍କ ସହ ଲଢେଇ କରିଥିଲେ
573,ଅକ୍ଷରକୁ ଉଚ୍ଚ ସ୍ୱରରେ ପଢନ୍ତୁ |
574,ନାଲି ଆପଲ ଗୁଡିକ ରସଯୁକ୍ତ ଅଟେ |
575,ନାଲି ରଙ୍ଗ ଏଠାରେ ଭଲ ଦେଖାଯିବ ନାହିଁ |
576,ଲାଲ୍-ଲାଲ୍ ଆପଲ୍ ଗୁଡିକ ରସଯୁକ୍ତ ଅଟେ |
577,ଚାଉଳ ଦକ୍ଷିଣ ଭାରତରେ ଖିଆଯାଏ |
578,ରିଚା ତାର ହାତରେ ଦଉଡିଟିକୁ ଜାବୁଡି ଧରିଲା
579,ହ୍ରଦ ଜଳ ଅପେକ୍ଷା ନଦୀ ଜଳ ପରିଷ୍କାର ଅଟେ
580,ନଦୀଗୁଡ଼ିକ ସମୁଦ୍ରକୁ ପ୍ରବାହିତ ହୁଏ |
581,ରୋହନଙ୍କ ନଦୀ ପାଖରେ ଏକ ବଡ଼ ଚାଷଜମି ଅଛି |
582,ଦଉଡି ନଡ଼ିଆ କତା ରୁ ତିଆରି ହୁଏ |
583,ଏପରି ଅମ୍ଳ ମାଟିରେ ଗୋଲାପ ଚେର ଧରିବ ନହିଁ |
584,ଗୋଲାକାର ଚନ୍ଦ୍ର ଉଜ୍ଜଳ ଭାବେ ରାତିରେ ଝଟକେ |
585,ମସଲାକୁ ଏକତ୍ର ଘଷନ୍ତୁ |
586,ସଲମା ସକାଳେ ଆମ୍ବ ଖାଇଥିଲେ
587,ରାନ୍ଧିବାରେ ଲୁଣ ବ୍ୟବହୃତ ହୁଏ |
588,ବିହନକୁ କ୍ଷେତର ସବୁ ଆଡେ ବୁଣନ୍ତୁ |
589,"ଦେଖ, ଲକ୍ଷ୍ମୀ ଗୀତ ଗାଉଛି"
590,ଘରକୁ ଉପଯୁକ୍ତ ଭାବେ ଦେଖାଶୁଣା କରନ୍ତୁ |
591,ବିହନ ଗଛରେ ପରିଣତ ହୁଏ |
592,ସାତ ବର୍ଷ ବିତିଗଲା |
593,ମୁଁ କାଲି ଆସିବି କି?
594,ସେ ବହୁତ କଷ୍ଟରେ ହସିବାକୁ ଚେଷ୍ଟା କଲା |
595,ସେ ଅସ୍ୱାସ୍ଥ୍ୟକର ଖାଦ୍ୟ ଖାଇ ଅସୁସ୍ଥ ହୋଇପଡିଥିଲେ
596,ସେ ଧୁଳି ସବୁ ସାଫା କଲା |
597,ସେ ସୁନ୍ଦର କପଡା ବୁଣନ୍ତି |
598,ସେ ମୋତେ ଚୋରି ପାଇଁ ଅଭିଯୋଗ କଲା |
599,ସେ ଟୋକେଇ ବିକ୍ରି କରି ବହୁତ ଟଙ୍କା ରୋଜଗାର କଲେ |
600,ସେ ବୁଲିବାକୁ ବାହାରିଛନ୍ତି
601,ତାଙ୍କର ସବୁଜ ଆଖି ଅଛି |
602,ତାଙ୍କର ଲମ୍ବା କଳା କେଶ ଅଛି |
603,ତାଙ୍କର ଓଦା କେଶ ଅଛି |
604,ତାଙ୍କର ବୟସ କୋଡ଼ିଏ ବର୍ଷ
605,ସେ ଖାଲି ସମୟରେ ବୁଣା କରିବାକୁ ପସନ୍ଦ କରନ୍ତି |
606,ସେ ଏକ ପଥର ଉଠାଇଲେ
607,ସେ ଶୋଇଥିବା ଘୁଷୁରିକୁ ଏକ ବାଡ଼ିରେ ଠେଲିଦେଲା |
608,ସେ କହିଲା ଯେ ତାକୁ ରୋଷେଇ କରିବାକୁ ଭଲ ଲାଗେ |
609,ସେ ପକ୍ଷୀ ପରି ଗାନ କରନ୍ତି
610,ସେ ଖାଇବା ସମୟରେ କଥା ହେଲା |
611,ସେ ତାଙ୍କୁ ହ୍ରଦକୁ ନେଇଗଲେ
612,ସେ ତାଙ୍କୁ ମାଡ ମାରିବାକୁ ଚାହିଁଲା |
613,ସେ ଲାଲ ରଙ୍ଗର ପୋଷାକ ପିନ୍ଧିଥିଲେ
614,ସେ ଲୁହ ପୋଛି ଦେଲା |
615,"ସେ କଠିନ ପରିଶ୍ରମ କରିଥିଲେ, ତଥାପି ସେ ବିଫଳ ହୋଇଥିଲେ"
616,ସେ ମୋତେ କେବେ ମିଛ କହିବ ନାହିଁ |
617,ସୀତାକୁ ଉଠାଇବାକୁ ସୀଲା ରତ୍ନାକୁ କହିଲା / ସୀଲା ରତ୍ନାକୁ କହିଲା ସୀତାକୁ ଉଠାଅ |
618,କବାଟ ବନ୍ଦ କର |
619,ଗୀତ ଗIଅ
620,ଭଉଣୀ କେବଳ ତାଙ୍କ ସାଙ୍ଗମାନଙ୍କ ସହିତ କିଣା କିଣି କରିବାକୁ ଯିବ |
621,ବସି ପଡ଼
622,ବର୍ତ୍ତମାନ ବସ |
623,ସୀତା ଏକ ପାଚିଲା ଆମ୍ବ ଖାଉଛନ୍ତି |
624,ସୀତା ଆଡେ ସାଡେ / ଏଠି ସେଠି ବୁଲିବାକୁ ଚାହେଁ |
625,ସୀତା ନିଜକୁ ଦର୍ପଣରେ ଦେଖିଲା |
626,ସୀତା କାରରେ ବାନ୍ତି କରନ୍ତି |
627,ଗରମ ବାଷ୍ପରୁ ଚର୍ମ ଜଳିଯାଏ |
628,ସାପ ଘାସଉପରେ (ଘଷିକରି) ଗଲା |
629,ଘାସରେ ସାପ ଲୁଚି ରହିଥିଲା
630,କେତେକ ପଶୁ ଗୃହପାଳିତ ପଶୁ ଅଟନ୍ତି |
631,କିଛି ପକ୍ଷୀ ବହୁତ ସୁନ୍ଦର ଅଟନ୍ତି |
632,କିଛି ପତ୍ର ଔଷଧ ପାଇଁ ବ୍ୟବହୃତ ହୁଏ |
633,କେତେକ ଗାଈ ବାଦାମୀ ରଙ୍ଗର ଅଟନ୍ତି
634,କିଛି ଲୋକ ଚା ପିଅନ୍ତି ନାହିଁ |
635,କିଛି ମୂଳ ଖାଇବା ଯୋଗ୍ୟ |
636,କିଛି ଗଛର ଛେଲି ବହୁତ ନିଦା (କଠିନ)|
637,କିଛି ଗଛ କେବେ ପାତ୍ର ଝଡନ୍ତି ନହିଁ |
638,କୌଣସି ନା କୌଣସି ଦିନ ସେ ମୋ ପାଖକୁ ଫେରି ଆସିବ |
639,ବର୍ଷା ଋତୁରେ ମଞ୍ଜି ଗୁଡିକ ବୁଣ |
640,ଘରଚଟିଆ ପୋକ ଖାଏ |
641,ଶୁଖିବା ପାଇଁ ପୋଷାକକୁ ଚିପୁଡ଼ି ଦିଅନ୍ତୁ |
642,ଡାଲିରେ ଲେମ୍ବୁ ଚିପୁଡ଼ି ଦିଅନ୍ତୁ |
643,ରସ ପାଇଁ ଆମ୍ବକୁ ଚିପୁଡ଼ି ଦିଅନ୍ତୁ |
644,କାନ୍ଥ ନିକଟରେ ଠିଆ ହୁଅ ଏବଂ ଉପରକୁ ଦେଖ ନାହିଁ |
645,ନିଜ ଆସନରୁ ଧୀରେ ଧୀରେ ଠିଆ ହୁଅ |
646,ସୂର୍ଯ୍ୟଙ୍କୁ ଚର୍ମରେ ଅନୁଭବ କରାଯାଇପାରେ |
647,ସୁରେଶ ମସଲାକୁ ହେମଦସ୍ତI ବ୍ୟବହାର କରି ଗୁଣ୍ଡ କଲେ
648,ତୁମର ଓଦା ପୋଷାକ କାଢି ଦିଅ |
649,ବାମ ପାର୍ଶ୍ୱରେ ରାସ୍ତା ନିଅନ୍ତୁ |
650,କ୍ଷେତ ଦେଇ କ୍ଷୁଦ୍ର ପଥ ନିଅନ୍ତୁ |
651,ଶିକ୍ଷକ ଆମକୁ କାନର କାର୍ଯ୍ୟ ବିଷୟରେ ଶିଖାଇଲେ |
652,ଅନୁଶାସନ ବଜାୟ ରଖିବା ପାଇଁ ଶିକ୍ଷକ ବାଡ଼ି ବ୍ୟବହାର କରିଥିଲେ |
653,ସେହି କଳାଟି ମୋର ଅଟେ |
654,ସେହି ବିଲେଇ ତୁମକୁ ରାମ୍ପୁଡ଼ି ଦବ |
655,ତାହା ହେଉଛି ଏକ କଦଳୀ ଗଛ |
656,ତାହା ଏକ ବଡ ପର୍ବତ |
657,ତାହା ହେଉଛି ଏକ ଆଦିବାସୀ ଉପନିବେଶ |
658,ତାହା ହେଉଛି ପାହାଡ ତଳେ ମୋର ଘର |
659,ତାହା ହେଉଛି ରମେଶଙ୍କ କୁକୁର
660,ବେଲୁନ୍ ବାୟୁରେ ଭାସିବାକୁ ଲାଗିଲା |
661,କଣ୍ଟାରେ ଟଙ୍ଗାଯାଇଥିବା ଟୋକେଇଟି ଖସିଗଲା |
662,ବଡ କୁକୁର ବିଲେଇକୁ ଗୋଡ଼ାଇଲା
663,ପକ୍ଷୀଟି ପୋଖରୀରୁ ଏକ ମାଛ ଧରିଲା |
664,ଏହା ଏକ ଘରଚଟିଆ ପକ୍ଷୀ |
665,ପକ୍ଷୀଟି ତାର ପକ୍ଷ ବିସ୍ତାର କଲା
666,ବହିଟି ଟେବୁଲ ଉପରେ ଅଛି |
667,ବୋତଲ ଭାଙ୍ଗିଗଲା |
668,ପାତ୍ରଟି ସମ୍ପୂର୍ଣ୍ଣ ରୂପେ ଗୋଲାକାର ଥିଲା |
669,ପିଲାଟି ଏକ କଦଳୀ ଖାଇଲା |
670,ପିଲାଟି କୂଅରେ ପଡ଼ିଗଲା
671,ପିଲାଟି ଖେଳୁଛି |
672,ପିଲାଟି ଏକ ବଲ ସହିତ ଖେଳୁଛି |
673,ପିଲାଟି ଭଲ ଖେଳିଲା |
674,ପିଲାଟି ପଥର ଫିଙ୍ଗିଲା
675,ଜ୍ୱରରେ ପୀଡିତ ପିଲାଟିର ଗତକାଲି ମୃତ୍ୟୁ ଘଟିଛି
676,ଏହି ବାଲଟି ରେ ପାଣି ରହି ପାରିବ ନହିଁ |
677,ଏହି ଶାଗବିଡା ବହୁତ ମୋଟ |
678,ମୋଚି ମେଣ୍ଢା ର ଅନ୍ତନାଡି ବାହାର କରି ଦେଲା
679,ବିଲେଇଟି ନିଆଁ ପାଖରେ ଅଛି |
680,ବିଲେଇ ସୂର୍ଯ୍ୟକିରଣରେ ଶୋଇଛି
681,ସଁଅବାଲୁଆ ଟି ଗାଢ଼ ସବୁଜ ରଙ୍ଗର ଥିଲା
682,କୁକୁଡ଼ାମାନେ ବହୁତ ଛୋଟ |
683,ପିଲାଟି ତାଙ୍କ ଭଉଣୀକୁ ଆଘାତ କରିନଥିଲା
684,ପିଲାଟି ଏକ ଗ୍ଲାସ କ୍ଷୀର ପିଇଲା |
685,ଫୁଟପାଥରେ ଯିବାବେଳେ ପିଲାଟି ତଳେ ପଡ଼ିଯାଇଥିଲା
686,ପିଲାଟି ଚାଲିବା ସମୟରେ ତଳେ ପଡ଼ିଯାଇଥିଲା।
687,ପିଲାଟି ନିର୍ଦ୍ଦୋଷ |
688,ପିଲାଟି ପୋଖରୀ ଉପରେ ଚଢ଼ିଗଲା |
689,ପିଲାମାନେ ଆମ୍ବକୁ ଛୁରୀରେ କାଟି ଦେଇଥିଲେ
690,କପଡା ବହୁତ ମୋଟା |
691,ମେଘ ଅନ୍ଧାର ହୋଇଯାଉଛି |
692,ମେଘ ସୂର୍ଯ୍ୟଙ୍କୁ ଲୁଚାଇଲା
693,ପାତ୍ରଟି ମୋ ମୁଣ୍ଡରେ ପଡିଗଲା
694,କପା ପବନରେ ଉଡି ଆସିଲା |
695,ଗାଈ ର ଏକ ଭଙ୍ଗା ଶିଙ୍ଗ ଅଛି |
696,ପରଦାଟି ନିଆଁକୁ ଆୟତ୍ତ କରିଥିଲା
697,କଟାଟି ଫୁଲିପାରେ |
698,ଡେସ୍କଟି ଧୂଳିରେ ଆଚ୍ଛାଦିତ |
699,ଡାକ୍ତର ଅସୁସ୍ଥତା ନିଶ୍ଚିତ କଲେ |
700,କୁକୁରଟି ପୋଖରୀରେ ଭାସୁଛି
701,କୁକୁରଟି ଖୁସିରେ ତା ଲାଞ୍ଜ ହଲାଉଛି |
702,କୁକୁରଟି ଖୁସିରେ ତା ଲାଞ୍ଜ ହଲାଉଛି |
703,କୁକୁର ଭୁକିବାରେଙ୍କ ଝିଅ ପାଇଁ ରୋଷେଇ କରିବେ |
704,ଦ୍ଵାରଟି ସଂକୀର୍ଣ୍ଣ ଅଟେ |
705,ଦ୍ଵାରଟି ଏହାର ଉଚ୍ଚତା ଅନୁପାତରେ ସଂକୀର୍ଣ୍ଣ ଅଟେ |
706,ପୃଥିବୀ ଗୋଲାକାର |
707,ପୃଥିବୀ ଘୂର୍ଣ୍ଣନ କରେ |
708,ହାତୀ ଛୁଆଟି ନିଜ ମା ସହିତ ଖେଳିଲା |
709,ଖସିପଡିଥିବା ଲୋକଟି ଦଉଡିଟିକୁ ଧରିଥିଲା
710,ବାପା ପିଲାମାନଙ୍କ ପାଇଁ ଖେଳନା କିଣିଥିଲେ |
711,ପରଟି ବହୁତ ହାଲୁକା |
712,ଜ୍ୱରଟି ଶୀଘ୍ର ଭାଲାହୋଇ ଯିବ |
713,ଜ୍ୱରର ବାଳକଟି ମରିଗଲା
714,ପ୍ରଥମ ଦଉଡି କାଟି ଦିଆଗଲା |
715,ମାଛଟି ପଚା ଅଟେ |
716,ଫୁଲର ପୁଷ୍ପଗୁଡ଼ିକ ବହୁତ ଚିକ୍କଣ |
717,କୁହୁଡିଟି ଅଦୃଶ୍ୟ ହେବା ଆରମ୍ଭ ହେଲା |
718,କୁହୁଡି ପତଳା ହେବାକୁ ଲାଗୁଛି
719,ସକାଳେ କୁହୁଡି ଘନ ହୋଇଯାଇଥିଲା
720,ଖାଦ୍ୟଟି ଥଣ୍ଡା ଅଟେ |
721,ଖାଦ୍ୟଟି ଖାଇବାକୁ ଅତ୍ୟଧିକ ଗରମ ଅଟେ |
722,କଦଳୀ ପତ୍ରରେ ଖାଦ୍ୟ ପରିବେଷଣ କରାଯାଉଥିଲା |
723,ଏହି ଖାଦ୍ୟ ପିଲା ଖାଇବ ନାହିଁ |
724,ପିଲାଟି ଶୀଘ୍ର ଶୀଘ୍ର ଖାଦ୍ୟ ଖାଇବା ଉଚିତ ନୁହେଁ |
725,ଜଙ୍ଗଲ ମାଇଲ୍ ମାଇଲ୍ ପର୍ଯ୍ୟନ୍ତ ବ୍ୟାପିଛି |
726,ଜଙ୍ଗଲ ଥଣ୍ଡା ଏବଂ ଛାଇ ଜଣାପଡୁଥିଲା |
727,ଜଙ୍ଗଲ ଅଧିକାରୀ କାଠକଟାଳିକୁ ଗଛ କାଟିବାରେ ଲାଗିଛନ୍ତି |
728,ଗଙ୍ଗା ଜଳ ସବୁଠାରୁ ଶୁଦ୍ଧ ଅଟେ |
729,ଝିଅଟି ଖାଇ ସାରିଥିଲା
730,ମୋ ଛାତିରୁ ଗୋଟେ ଭାରୀ ଭାର ଉଠି ଗଲା |
731,ଏଠାରେ ପାଖରେ ଏକ ଡାକ୍ତରଖାନା ଅଛି |
732,ଘରଟି ନିଆଁରେ ଜଳି ପାଉଁଶ ହୋଇଗଲା |
733,ଟାଙ୍ଗିଆ ଟୋକେଇ ତଳେ ପଡ଼ିଗଲା
734,ସ୍ୱାମୀ ଜଙ୍ଗଲରୁ କାଠ ଆଣିଥିଲେ
735,ବରଫ ବହୁତ ମୋଟା ଅଟେ |
736,ବରଫ ସୂର୍ଯ୍ୟକିରଣରେ ତରଳି ଗଲା |
737,ବରଫ ଶୀଘ୍ର ଲୋପ ପାଇବ |
738,ନିରୀହ ପିଲା
739,ହ୍ରଦ ଏଠାରେ ଗଭୀର ଅଟେ |
740,ହ୍ରଦ / ପୋଖରୀ ଏଠାରେ ଗଭୀର |
741,ପତ୍ରଗୁଡ଼ିକ ଶରତରେ ଗଛରୁ ଖସିଯାଏ |
742,ଛୋଟ ପିଲାଟି ଏକ ମାଛ ଧରିଲା |
743,ମନୁଷ୍ୟ ଅଜ୍ଞ ଅଟେ |
744,ବ୍ୟକ୍ତି ଜଣକ ତାଙ୍କୁ ନଦୀରେ ଡେଇଁବାକୁ ଅଟକାଇଲେ
745,ଲୋକଟି କୋଠରୀ ଭିତରକୁ ଗଲା
746,ଭୋଜନ ଥଣ୍ଡା ହୋଇଗଲା |
747,ଆଜି ରାତିରେ ଚନ୍ଦ୍ର ଏବଂ ତାରାମାନେ ସ୍ପଷ୍ଟ ଭାବରେ ଦେଖାଯାଈ ଥିଲେ |
748,ଚନ୍ଦ୍ର ବାହାରିଛି
749,ଚନ୍ଦ୍ର ମେଘ ପଛରେ ଅଛି |
750,ଚନ୍ଦ୍ର ଉଜ୍ଜ୍ୱଳ ଅଟେ
751,ଚନ୍ଦ୍ର ଉଜ୍ଜ୍ୱଳ |
752,ମା ଟି ସ୍ନେହ ର ସହିତ ପିଲାମାନଙ୍କୁ ବଢାଇ ଥିଲେ |
753,ପର୍ବତଗୁଡିକ ସୁନ୍ଦର ଦେଖାଯାଉଥିଲା |
754,ନୂଆ ଜୋତା ମୋ ପାଇଁ ଛୋଟ |
755,ବୃଦ୍ଧ ହାତୀଟି ମରି ନାହିଁ
756,ବୃଦ୍ଧ ହାତୀର ମୃତ୍ୟୁ ଘଟିଛି
757,ବୃଦ୍ଧ ଜଣକ ବାଡ଼ି ବ୍ୟବହାର କରି ଚାଲନ୍ତି
758,ମୟୂରର ସୁନ୍ଦର ପୁଚ୍ଛ ଅଛି |
759,ସ୍ଥାନଟି ବହୁତ ଦୂରରେ ନୁହେଁ |
760,ପୋଖରୀ ଶୁଖି ଯାଇଛି
761,ପୋଖରୀଟି ସମ୍ପୂର୍ଣ୍ଣ ରୂପେ ବରଫ ହୋଇଯାଇଥିଲା |
762,ନାଲି ପକ୍ଷୀ ଶୀଘ୍ର ଉଡିଗଲା |
763,ଚୂନା ବହୁତ ଶୁଖିଲା ଅଟେ |
764,ନଦୀ ବହୁତ ଦ୍ରୁତ ଗତିରେ ପ୍ରବାହିତ ହେଉଛି |
765,ନଦୀ ପଶ୍ଚିମ ଦିଗକୁ ପ୍ରବାହିତ ହେଉଛି
766,ନଦୀ ବହୁତ ପ୍ରଶସ୍ତ |
767,ନଦୀ ଜଳ କାଦୁଅରେ ପରିଣତ ହୋଇଛି
768,କାରଗୁଡିକ ପାଇଁ ରାସ୍ତା ବହୁତ ସଂକୀର୍ଣ୍ଣ |
769,ରାସ୍ତାଟି ବହୁତ ଖରାପ ଥିଲା |
770,କୋଠରୀଟି ଗରମ ଥିଲା
771,ରୋଟି ଗରମ ଏବଂ ନରମ ଅଟେ |
772,ଆଜି ସମୁଦ୍ରରେ ବହୁତ ଉଚ୍ଚ ତରଙ୍ଗ ଥିଲା |
773,ଆଜି ସମୁଦ୍ର ଶାନ୍ତ ଅଛି |
774,ସମୁଦ୍ର ଗଭୀର ନୀଳ ରଙ୍ଗର |
775,ସମୁଦ୍ରର ଜଳ ଲୁଣିଆ |
776,ଭଉଣୀଟି ଛୋଟ ଭାଇକୁ ଶୁଆଈ ଦେଉଛି |
777,ଆକାଶ ନୀଳ |
778,ଆକାଶ ତାରାଗୁଡ଼ିକରେ ପରିପୂର୍ଣ୍ଣ |
779,ଆଜି ଆକାଶ ବହୁତ ସ୍ୱଚ୍ଛ |
780,ଗତକାଲି ଆକାଶ ସ୍ପଷ୍ଟ ହୋଇଥିଲା
781,ଆକାଶ ସଂପୂର୍ଣ୍ଣ ଅନ୍ଧକାରମୟ ଥିଲା |
782,ତାରାମାନେ ରାତିରେ ବାହାରକୁ ଆସିଲେ |
783,ପଥରଟି ତାଙ୍କୁ ଆଘାତ କଲା
784,ରାସ୍ତାଗୁଡ଼ିକ ବହୁତ ସଂକୀର୍ଣ୍ଣ |
785,ଛାତ୍ର ଉତ୍ତର ଦେବା ପୂର୍ବରୁ କିଛି ସମୟ ଚିନ୍ତା କଲା |
786,ଛାତ୍ର ଉତ୍ତର ଦେବା ପୂର୍ବରୁ କିଛି ସମୟ ଚିନ୍ତା କଲା |
787,ସୂର୍ଯ୍ୟ ଆଲୋକ ଏବଂ ଉତ୍ତାପ ଦେଇଥାଏ |
788,ସୂର୍ଯ୍ୟ ଅସ୍ତ ହୋଇଗଲେ
789,ସୂର୍ଯ୍ୟ ଅସ୍ତ ହେବାକୁ ଯାଉଛି
790,ଜୀବନ ପାଇଁ ସୂର୍ଯ୍ୟ ଅତ୍ୟନ୍ତ ଜରୁରୀ |
791,ସକାଳେ ସୂର୍ଯ୍ୟ ଉଦୟ ହୁଅନ୍ତି |
792,ଆଜି ସୂର୍ଯ୍ୟ ଉଜ୍ଜ୍ୱଳ ଆଲୋକିତ କଲା |
793,ଶୀଘ୍ର ସୂର୍ଯ୍ୟ ଉଦୟ ହେବେ |
794,ଲାଞ୍ଜ କଟା ମାଙ୍କଡ଼ ବିରକ୍ତିକର ଥିଲା |
795,ଶିକ୍ଷକ ଆମକୁ ଚେୟାରରେ ଠିଆ କରାଇଲେ |
796,ପତଳା ଝିଅଟି ଖୁବ ଜୋରରେ ଦୌଡିଲା |
797,ପତଳା କାଚଟି ଭଙ୍ଗୁରିଅ ଅଟେ |
798,ବନ୍ୟା ଯୋଗୁଁ ଟ୍ରେନ୍ ବିଳମ୍ବ ହୋଇଥିଲା
799,ଗଛଟି ଉପୁଡି ପଡିଲା |
800,ଗଛଗୁଡ଼ିକ ସବୁଜ |
801,କୂଅ ଶୁଖିଲା ଅଛି |
802,ପତ୍ନୀ ଏକ ସ୍ୱାଦିଷ୍ଟ ଭୋଜନ ରାନ୍ଧିଲେ |
803,ଆଜି ପବନ ବହୁତ ଭଲ ଅନୁଭବ ହେଉଛି |
804,ପବନ ବହୁଛି
805,ପବନ ବନ୍ଦ ହୋଇଗଲା
806,ମହିଳାଙ୍କର ଲମ୍ବା କଳା କେଶ ଅଛି |
807,ନାରୀ ବହୁତ ଦୟାଳୁ |
808,ସାନ ପିଲାଟି ବଡ ପିଲାଠାରୁ ଅଧିକ ଚତୁର ଅଟେ |
809,ସେମାନଙ୍କର ଚାପଟିସ୍ ବହୁତ ପତଳା |
810,ସେମାନଙ୍କର ପାଦ ଅପରିଷ୍କାର ଅଟେ
811,ଜଙ୍ଗଲରେ ଅନେକ ପକ୍ଷୀ ଅଛନ୍ତି |
812,ଆଜି ରାତିରେ ଅନେକ ମଶା ଅଛନ୍ତି |
813,ପୃଥିବୀରେ ଅନେକ ପ୍ରଜାତିର ଉଦ୍ଭିଦ ଅଛି |
814,ଆକାଶରେ କୌଣସି ମେଘ ନହିଁ |
815,କୌଣସି ମସଲା ବାକି ନାହିଁ |
816,ବିଭିନ୍ନ ପ୍ରକାରର ସାପ ଅଛନ୍ତି|
817,ପୋଖରୀରେ ତିନୋଟି କଙ୍କଡା ଅଛି |
818,ଗଛ ଉପରେ ତିନୋଟି ବସା ଅଛି |
819,ରାସ୍ତାରେ ଏକ ଗଛ ପଡିଛି |
820,ମୋ ଘର ପଛରେ ଏକ ବଗିଚା ଅଛି |
821,ସେହି ଘରୁ ଏକ ଆଲୋକ ଆସୁଛି |
822,ଟିକିଏ ପବନ ଅଛି |
823,ମୋ ଘର ସାମ୍ନାରେ ଆମ୍ବ ଗଛ ଅଛି |
824,ଆକାଶରେ ଇନ୍ଦ୍ରଧନୁ ଅଛି |
825,ସେଠାରେ ଏକ ଲାଲ ଆଖି ଷଣ୍ଢ ଅଛି
826,ଏହି ଗାଁରେ ଏକ ଛୋଟ ପୋଖରୀ ଅଛି |
827,ମୋ ଘର ପଛରେ ଏକ ଘନ ଜଙ୍ଗଲ ଅଛି |
828,ମାଂସ ଉପରେ ଏକ ମୋଟା ଚର୍ବି ଅଛି |
829,ସେହି ପାହାଡ ପଛରେ ଏକ ଜଳପ୍ରପାତ ଅଛି |
830,ଟେବୁଲ ଉପରେ ଧୂଳି ଅଛି |
831,ହ୍ରଦରେ କମଳ ଫୁଲୁଛି |
832,ମୋ ଗଣନା ଅନୁଯାୟୀ ଅଧିକ ଟଙ୍କା ଅଛି |
833,ଆଉ ଲୁଣ ନାହିଁ |
834,କୌଣସି ମସଲା ବାକି ନାହିଁ |
835,ପୋଖରୀରେ ପାଣି ନାହିଁ
836,ଆଜି ପବନ ନାହିଁ
837,ଆକାଶରେ ମେଘ ନାହିଁ |
838,ହାଣ୍ଡିରେ ଗୋଟିଏ ମାଛ ଅଛି |
839,ରାସ୍ତାରେ ଏକ ମୃତ କୁମ୍ଭୀର ଥିଲା
840,ମୋ ପାଦରେ ଗୋଟିଏ ଜୋକ ଥିଲା
841,ତା ଚର୍ମରେ ଏକ କାଟଦାଗ ଥିଲା |
842,ପଲରେ ପାଞ୍ଚଟି ଧଳା ପକ୍ଷୀ ଥିଲେ
843,ଏଗୁଡ଼ିକ ଭଲ କଦଳୀ |
844,ଏହି ଔଷଧ ଗୁଡ଼ିକ ଯକୃତ ପାଇଁ ଭଲ |
845,ଏହି ପ୍ୟାଣ୍ଟଗୁଡିକ ମଇଳା ଅଟେ |
846,ସେମାନେ ବଲ୍ ସହିତ ଖେଳୁଛନ୍ତି |
847,ସେମାନେ ବହୁତ ଶୀଘ୍ର ନାଚନ୍ତି |
848,ସେମାନେ ବଞ୍ଚିବାକୁ ଆଶା କରନ୍ତି ନାହିଁ
849,ସେମାନେ ସମସ୍ତଙ୍କୁ ଶହେ ଟଙ୍କା ଦେଇଥିଲେ
850,ସେମାନେ ସମସ୍ତଙ୍କୁ ଟିକେଟ୍ ଦେଇଥିଲେ
851,ସେମାନେ ସବୁଜ ଲାଇଟ୍ ଅନ୍ କରିଛନ୍ତି |
852,ସେମାନେ ରାତିରେ ଶିକାର କରନ୍ତି
853,ସେମାନେ ତାଙ୍କୁ ଫେରିବାକୁ ଦେଲେ
854,ସେମାନେ ବିଦ୍ୟାଳୟ ନିକଟରେ ରୁହନ୍ତି |
855,ସେମାନେ ଏକାଠି ଗୀତ ଗାଇବାକୁ ଭଲ ପାଆନ୍ତି |
856,ସେମାନେ ବାଡ଼କୁ ସବୁଜ ରଙ୍ଗ କରିଥିଲେ
857,ସେମାନେ ନିଆଁ ପାଖରେ ବସିଲେ
858,ସେମାନେ ଗରିବ ଲୋକଙ୍କୁ ସମର୍ଥନ କରନ୍ତି
859,ସେମାନେ ଗରିବ ଲୋକଙ୍କୁ ସମର୍ଥନ କରନ୍ତି
860,ସେମାନେ ସେଠାରେ ମନ୍ଦିରରେ ଏକାଠି ହେବାକୁ ଚାହାଁନ୍ତି
861,ସେମାନେ ଆମକୁ ସେମାନଙ୍କ ସ୍ଥାନରେ ଏକତ୍ର କରିବାକୁ ଚାହାଁନ୍ତି |
862,ସେମାନେ ସେମାନଙ୍କର ଅତିଥିମାନଙ୍କୁ ହସ ସହିତ ସ୍ୱାଗତ କରନ୍ତି |
863,ସେଗୁଡିକ ସଂପୂର୍ଣ୍ଣ ପାଣିରେ ଭିଜାଇ ଦିଆଯାଇଥିଲା |
864,ସେମାନେ ବହୁତ ଲମ୍ବା ଡୋସା ରାନ୍ଧୁଥିଲେ |
865,ସେମାନେ ସେମାନଙ୍କର କାର୍ଯ୍ୟ ଏଠାରେ ଦାଖଲ କରିବେ |
866,ସେମାନେ ବହୁତ କଠିନ ପରିଶ୍ରମ କରନ୍ତି |
867,ଏହି କମ୍ବଳ ଗରମ ଅଟେ |
868,ଏହି କପଡା ଚିକ୍କଣ ଅନୁଭବ କରେ |
869,ଏହି କପଡ଼ାର ସଂକୀର୍ଣ୍ଣ ଓସାର ଅଛି |
870,ଏହି ହାତୀଟି ପୂର୍ବ ଅପେକ୍ଷା ବଡ ଅଟେ
871,ଏହି କପଡ଼ାର ସଂକୀର୍ଣ୍ଣ ଓସାର ଅଛି |
872,ମଞ୍ଜି ବୁଣିବା ପାଇଁ ଏହା ଏକ ଭଲ ସମୟ |
873,ଏହା ଏକ ଆମ୍ବ ଉଦ୍ଭିଦ |
874,ଏହା ଅତ୍ୟନ୍ତ ମୋଟା ଘୁଷୁରି |
875,ଏହା ଆମ୍ବ ଉଦ୍ଭିଦ |
876,ଏହା ମୋର ଉଦ୍ୟାନ |
877,ଏହା ଏକ କଖାରୁ ଉଦ୍ଭିଦ ନୁହେଁ |
878,ଏହା ପୃଥିବୀର ସର୍ବୋତ୍ତମ ଜିନିଷ |
879,ଏହା ଏକ ଟୋକେଇ ବୁଣିବାର ପଦ୍ଧତି |
880,ଏହା କାଠ ଟେବୁଲ୍ |
881,ଏହା ତୁମର କାମ କରିବା ସ୍ଥାନ |
882,ଏହି କୁର୍ତ୍ତା ମୋ ପାଇଁ ବହୁତ ଛୋଟ |
883,ଏହି ହ୍ରଦ ଗଭୀର ଅଟେ |
884,ଏହି ବ୍ୟକ୍ତି ଦୁର୍ନୀତିଗ୍ରସ୍ତ କିନ୍ତୁ ମୁଁ ନୁହେଁ |
885,ଏହି ବ୍ୟକ୍ତି ପରିବାରର ମୁଖ୍ୟ ଅଟନ୍ତି |
886,ଏହି ସ୍ଥାନଟି ବହୁତ ମଇଳା |
887,ଏହି ନଦୀ ସୁନ୍ଦର ଅଟେ |
888,ଏହି ରାସ୍ତା ଶାନ୍ତିଙ୍କ ଘରକୁ ଯାଏ |
889,ଏହି ରାସ୍ତା ବିପଜ୍ଜନକ ଅଟେ |
890,ଏହି ଚପଲଟି ମୋ ପାଦରେ ଫିଟ୍ ନାହିଁ |
891,ଏହି ବାଡି ବହୁତ ଲମ୍ବା ଅଟେ |
892,ଏହି ଗଛର ବହୁତ ବଡ ଶାଖା ଅଛି |
893,ଏହି ଗାଁ ବଡ |
894,ଏହି ପ୍ରଶସ୍ତ ରାସ୍ତା ଲତାଙ୍କ ଘରକୁ ଯାଏ |
895,ଏହି କାଠ ପଟା ବହୁତ ପ୍ରଶସ୍ତ |
896,ଗତକାଲି ରାତିରେ ଏଠାରେ ତିନୋଟି ସାପ ଦେଖିବାକୁ ମିଳିଥିଲା |
897,ଭଙ୍ଗା ଶାଖା ଫିଙ୍ଗିଦିଅ |
898,ଏହାକୁ ଘରୁ ବାହାରକୁ ଫିଙ୍ଗିଦିଅ |
899,ଏହାକୁ ମୋ ପାଖକୁ ଫୋପାଡି ଦିଅ |
900,ବଲ୍ ଫିଙ୍ଗିଦିଅ |
901,ଏହାକୁ ପୁଣି ବାନ୍ଧ |
902,ଦଉଡିର ଶେଷରେ ଡଙ୍ଗାକୁ ବାନ୍ଧ |
903,ଗୋରୁମାନଙ୍କୁ ଏକତ୍ର ବାନ୍ଧ |
904,ବାଡ଼ିଟି ଦଉଡି ଶେଷରେ ବାନ୍ଧ |
905,ମଞ୍ଜି ବୁଣିବା ପାଇଁ ଆଜି ଏକ ଭଲ ଦିନ |
906,ଆସନ୍ତାକାଲି ରାତିରେ ଆମେ ମାଛ ଧରିବାକୁ ଯିବା |
907,ଗଛର ଗଛର ଅନେକ ଔଷଧ ବ୍ୟବହାର ଅଛି |
908,ଗଛରେ ଅନେକ ପଶୁ ବାସ କରନ୍ତି |
909,ଗଛର ଟ୍ରଙ୍କ ଭିତରେ ଫାଙ୍କା ଥିଲା |
910,ଗଛ ଆମକୁ ଫଳ ଦେଇଥାଏ |
911,ଗଛ କଟା ହେଲା
912,କାଟି ଯାଇଥିବା ସ୍ଥାନକୁ କୁଣ୍ଡାଇବାକୁ ଚେଷ୍ଟା କର ନାହିଁ |
913,ସେମାନଙ୍କ ମଧ୍ୟରୁ ଦୁଇଜଣ ଦଳର ନେତୃତ୍ୱ ନେବାକୁ ବାଛିଥିଲେ
914,ଦୁଇଟି ବହି ଚୋରି ହୋଇଥିଲା |
915,ବାଡ଼ି ବ୍ୟବହାର କରି ପାତ୍ର ଗୁଡିକୁ ତୋଳ|
916,ଗାଁର ପାଗ ଆର୍ଦ୍ର କିନ୍ତୁ ସହରର ପାଗ ଶୁଖିଲା |
917,ପୋଷାକ ଧୋଇ ଦିଅ |
918,ମୁହଁକୁ ସଠିକ୍ ଭାବରେ ଧୋଇ ଦିଅ |
919,ଧୋଇବା ଦ୍ୱାରା ତାଙ୍କ କେଶର ଉକୁଣି ନଷ୍ଟ ହେବ ନାହିଁ |
920,ଜଳ ପ୍ରଦୂଷିତ ହୋଇଛି |
921,ଉଦ୍ଭିଦଗୁଡିକୁ ଭଲ ଭାବରେ ପାଣି ଦିଅନ୍ତୁ |
922,ଆମେ ଏପର୍ଯ୍ୟନ୍ତ ଭଲ କାମ କରୁଛୁ |
923,ଆମେ ସେ ପର୍ବତ ଉପରକୁ ଚଢିବାକୁ ଯାଉଛୁ |
924,ଆମେ ଏଥିରେ ଏକାଠି ଅଛୁ |
925,ଏହି ସଂଗ୍ରାମରେ ଆମେ ଏକାଠି ଅଛୁ |
926,ଆମେ ଦୁଇ ଭାଇଭଉଣୀ |
927,ଆମେ ଏକ ଗୋଲାକାର ଟେବୁଲ୍ କିଣିଲୁ |
928,ଆମେ ସେଠାରେ ଏକ ବଡ଼ ପର୍ବତ ଦେଖିପାରିବା |
929,ଆଜି ରାତିରେ ଆମେ ଅନେକ ତାରା ଦେଖିପାରିବା |
930,ଆଜି ଆମେ ଏକ ଭାରି ମାଛ ଧରିଲୁ |
931,କୁହୁଡି ବ୍ୟତୀତ ଆମେ ଆଉ କିଛି ଦେଖି ପାରିଲୁ ନାହିଁ |
932,ଆମେ ଡଙ୍ଗାରେ ନଦୀ ପାର ହୋଇଥାଉ |
933,ଆମେ ଏକ ସଂକୀର୍ଣ୍ଣ ସେତୁ ପାର ହୋଇଗଲୁ |
934,ଆମେ ଏକାଠି ଆମର ଖାଦ୍ୟ ଖାଇଥାଉ |
935,ଆମେ ଏହି ଉଦ୍ଭିଦର ମୂଳ ଖାଇଥାଉ |
936,ଶେଷରେ ଆମେ ହ୍ରଦରେ ପହଞ୍ଚିଲୁ |
937,ଶେଷରେ ଆମେ ଯାହା ଚାହୁଁଥିଲୁ ତାହା ପାଇଲୁ |
938,ଆମେ ଗର୍ତ୍ତରେ କିଛି ପଶୁ ହାଡ ପାଇଲୁ |
939,ଆମେ ଚାରିଜଣ ବନ୍ଧୁ ଥିଲୁ |
940,ଆମେ ବସ୍ ନେଇ ସେଠାରେ ପହଞ୍ଚିବା |
941,କୁହୁଡିରେ ଆମେ ହଜିଗଲୁ |
942,ଆମ ପାଖରେ କିଛି ବହି ଅଛି |
943,ଗୋଟିଏ ହାତରେ ଆମର ପାଞ୍ଚଟି ଆଙ୍ଗୁଠି ଅଛି |
944,ଆମର ଦୁଇଟି ଆଖି ଅଛି |
945,ଆମେ ହସୁ କାରଣ ଏହା ମଜାଳିଆ ଅଟେ |
946,ଆମେ ପରସ୍ପରକୁ ଭଲପାଏ |
947,ଫସଲ ପାଇଁ ଆମକୁ ବର୍ଷା ଦରକାର |
948,ଆମର ଫସଲ ପାଇଁ ଜଳ ଦରକାର |
949,ଆମକୁ ପିଇବା ପାଇଁ ପାଣି ଦରକାର |
950,ଆମେ ଘରକୁ ସବୁଜ ରଙ୍ଗ ଦେଇଥିଲୁ |
951,ଆମେ କାଦୁଅରେ ଖେଳିଲୁ |
952,ଆମେ ଆମର ବୟସ୍କ ମାନଙ୍କୁ ସମ୍ମାନ କରୁ |
953,ତାଙ୍କର ମୃତ୍ୟୁ ଆମେ ଦେଖିଲୁ |
954,ଆମେ ନୂଆ ଶିଶୁକୁ ଦେଖିଲୁ |
955,ଆମେ କିଛି ଖାଦ୍ୟ କିଣିବା ଉଚିତ୍ |
956,ଆମ୍ବକୁ ଏକ ବ୍ୟାଗରେ ରଖିବା ଉଚିତ୍ |
957,ଆମେ ଅଧା ଅଧା ବାଣ୍ଟି ହୋଇଯିବା ଉଚିତ୍ |
958,ଆମେ ବେଳେବେଳେ ହ୍ରଦରେ ପହଁରିବା |
959,ଆମେ ନଦୀ ପାର ହୋଇ ଅନ୍ୟ କୂଳକୁ ଗଲୁ |
960,ଆମେ ପହଁରି ହ୍ରଦରେ ଖେଳିଲୁ |
961,ଆମେ ସେଠାରେ ଥିବା ମନ୍ଦିର ପରିଦର୍ଶନ କରିବାକୁ ଚାହୁଁଛୁ |
962,ଆମେ ସେଠାରେ ଥିବା ମନ୍ଦିର ପରିଦର୍ଶନ କରିବାକୁ ଚାହୁଁଛୁ |
963,ଆମେ ପୋଷାକ ଧୋଇବା ପାଇଁ ନଦୀକୁ ଗଲୁ |
964,ଆସନ୍ତାକାଲି ଆମକୁ ଭଲ ଅମଳ ମିଳିବ |
965,ଆସନ୍ତାକାଲି ଆମେ ଦିଲ୍ଲୀ ଯିବୁ ନାହିଁ
966,ଅନା ବନା ଘାସ ଫସଲ ପାଇଁ ଭଲ ନୁହେଁ |
967,ସେ କ’ଣ ଖାଇଲେ?
968,ସୀମା ସେମାନଙ୍କୁ କ’ଣ କହିଥିଲେ?
969,ସେ କ’ଣ କହିଲା?
970,ସେମାନେ କ’ଣ ପଚାରିଲେ?
971,ସେମାନେ କ’ଣ ମାଗିଲେ?
972,ତୁମେ କ’ଣ ଦେଖିଲ?
973,ଆପଣ ଭାବୁଥିବେ ସେ କ’ଣ ଭାବୁଥିଲେ?
974,ଗତ ରାତିରେ କ’ଣ ହେଲା?
975,ଯଦି ତୁମେ ଭିଜି ଯିବ ତେବେ କଣ ହେବ?
976,ତୁମେ କ’ଣ ପାଇଁ ଆସିଛ?
977,ଏହି ପାତ୍ରର ମୂଲ୍ୟ କେତେ?
978,ମୁଣ୍ଡ ବିନ୍ଧାର ଚିକିତ୍ସା କ’ଣ?
979,ତୁମର ପ୍ରିୟ ରଙ୍ଗ କ’ଣ?
980,ତୁମର ନାମ କଣ?
981,ଏହା କି ପ୍ରକାର ମାଛ?
982,ମୁଁ କ’ଣ ଗାଇବି?
983,ସେ କ’ଣ ଖାଇଲେ?
984,ଆପଣ କେବେ ଅନ୍ତିମ ସଂସ୍କାର କରିବାକୁ ଆସୁଛନ୍ତି |
985,ଆପଣ କେବେ ଘରକୁ ଯାଉଛନ୍ତି?
986,ମୁଁ କେବେ ଖାଦ୍ୟ ପାଇବି |
987,ମାମୁଁ କେତେବେଳେ ଗଲେ ?
988,ଆପଣ କେବେ ଗୀତ ଗାଇବାକୁ ପସନ୍ଦ କରନ୍ତି |
989,ତୁମେ କେବେ ଶୋଇବ?
990,"ଯେତେବେଳେ ସୂର୍ଯ୍ୟ ଅସ୍ତ ହୁଏ, ଅନ୍ଧାର ହୋଇଯାଏ |"
991,ଜଳ ଥଣ୍ଡା ହେଲେ ଏହା ବରଫ ହୋଇଯାଏ |
992,ଆପଣ କେବେ ରାଞ୍ଚି ଯିବେ?
993,ତୁମେ କେବେ ବିହନ ବୁଣିବ?
994,ଆପଣ କେଉଁଠାରେ ରହିବାକୁ ଯାଉଛନ୍ତି?
995,ରାମ ସୀତାଙ୍କ ଅଳଙ୍କାର କେଉଁଠୁ ପାଇଲେ?
996,ତୁମେ ଟୋକେଇଟି କେଉଁଠୁ ପାଇଲ?
997,ତୁମେ ଏହି ପକ୍ଷୀମାନଙ୍କୁ କେଉଁଠୁ ପାଇଲ?
998,ଆପଣ କେଉଁଠାରେ ବାସ କରନ୍ତି?
999,ଆପଣ କେଉଁଠାରେ ରହିବେ?
1000,ଭାଇ କେଉଁଠାରେ?
1001,ଜଙ୍ଗଲ କେଉଁଠାରେ ଅଛି |
1002,କେଉଁ ଫଳର ଭଲ ପୋଷକ ତତ୍ତ୍ୱ ଅଛି?
1003,ତୁମର ଭାଇ କିଏ?
1004,"ଯେତେବେଳେ ସେ ଦେଖୁଥିଲେ, ଚୋରମାନେ ଟଙ୍କା ନେଇ ଦୌଡି ପଳାଇଲେ |"
1005,"ଯେତେବେଳେ ସେ ଦେଖୁଥିଲେ, ଚୋରମାନେ ଟଙ୍କା ସହିତ ବନ୍ଧା ହେଲେ|"
1006,ଯେତେବେଳେ ତୁମେ ପତ୍ର ଛିଣ୍ଡାଇବ ସେଠାରୁ ଧଳା ରସ ବାହାରିବ |
1007,ସମସ୍ତେ ବିବାହକୁ ଆସିଥିଲେ କି?
1008,କିଏ ଭଲ ଖାଇବାକୁ ପସନ୍ଦ କରେ ନାହିଁ?
1009,ସେ କିଏ?
1010,ତୁମର ଭାଇ କିଏ?
1011,ତୁମର ପିତା କିଏ?
1012,କିଏ ମଇଳା ପାତ୍ରଗୁଡିକ ଏଠାରେ ରଖିଲା?
1013,ଏଠାରେ କିଏ ଫାଉଡା (କୋଡି) ରଖିଲା ?
1014,ଯିଏ କବାଟ ବାଡେଇଥାଏ |
1015,କିଏ ଆଖୁ ଖାଇବାକୁ ପସନ୍ଦ କରେ?
1016,କିଏ ବାହାରକୁ ଯିବାକୁ ଚାହୁଁଛି |
1017,ଆପଣ କାହିଁକି ଦିଲ୍ଲୀ ଯାଉଛନ୍ତି?
1018,ଗରୁଡ ପକ୍ଷୀ କାହିଁକି ଏତେ ଉଚ୍ଚରେ ଉଡେ?
1019,ମୁଁ ତାଙ୍କୁ କାହିଁକି ପିଟିବି?
1020,ଆପଣ କାହିଁକି କହିବେ?
1021,ବନ୍ୟଜନ୍ତୁମାନେ ମାଂସ ଖାଆନ୍ତି
1022,ଆଜି ଆପଣ ଘରେ ରୋଷେଇ କରିବେ କି?
1023,ଚଟାଣ ପୋଛି ଦିଅ |
1024,ମୁହଁରୁ ଲୁହ ପୋଛି ଦିଅ |
1025,ଏହି କପଡା ବ୍ୟବହାର କରି ପାଦ ପୋଛି ଦିଅ |
1026,ଗଧିଆମାନେ ମିଳିତ ଭାବେ ଶିକାର କରନ୍ତି |
1027,ସ୍ତ୍ରୀ ସମସ୍ତ ଘର କାମ କରେ |
1028,ମହିଳା ମାନେ ଏଠାରେ ହାର ଏବଂ ନାକଫୁଲ ପିନ୍ଧନ୍ତି |
1029,କୀଟ ଚାଷୀଙ୍କ ଶସ୍ୟ ଖାଏ |
1030,ଆପଣ ସେହି ଦୂରତା ଚାଲିବେ କି?
1031,ଆପଣ ସେହି ଦୂରତା ଚାଲିବେ କି?
1032,ହଳଦିଆ ପତ୍ର ସୁନ୍ଦର ଅଟେ |
1033,ଗତକାଲି ମୁଁ ଏକ ବାଉଁଶ ବାଡ଼ ତିଆରି କଲି |
1034,ଝିଅ ତୁମେ ଜଣେ ଚତୁର ଝିଅ I
1035,ତୁମେ ଲକ୍ଷ୍ମୀଙ୍କ ବଡ ଭାଇ |
1036,ଆପଣ ଆଜି ବିବାହ କରିବାକୁ ଯାଉଛନ୍ତି |
1037,ଆପଣ ରାଜଠାରୁ ଲମ୍ବା ଅଟନ୍ତି |
1038,ଆଜି ରାତିରେ ତୁମେ ଶୀଘ୍ର ଶୋଇବା ଭଲ |
1039,ଆପଣ ବାଲି ଖୋଳିବେ |
1040,ଆପଣ ମୂଳ ଖୋଳିବେ |
1041,ତୁମେ ମୋତେ ମାରି ପାରିବ
1042,ଆପଣ କେବଳ ଲୋକଙ୍କୁ ହତ୍ୟା କରିପାରିବେ ନାହିଁ!
1043,ଆପଣ ବହୁତ ତାରକା ଦେଖିପାରିବେ |
1044,ତୁମେ ମୋତେ ବିଶ୍ୱାସ କରିପାରିବ |
1045,ଆପଣ ଶୀଘ୍ର ଚାଲିପାରିବେ |
1046,ତୁମେ କିଛି ଭୁଲ୍ କହି ନାହଁ |
1047,ଆସନ୍ତାକାଲି ତୁମର ପରୀକ୍ଷା ହେବ |
1048,ତୁମେ ଜାଣିଛ କିପରି ପହଁରିବା |
1049,ତୁମେ ଅସୁସ୍ଥ ଦେଖାଯାଉଛ |
1050,ଆପଣ ଯନ୍ତ୍ରଣାକୁ ସହ୍ୟ କରିବା ଜରୁରୀ |
1051,ଆପଣ ଏହା ଜାଣିବା ଉଚିତ୍ |
1052,ତୁମେ ଏକାଠି କାମ କରିବା ଉଚିତ୍ |
1053,ଆପଣଙ୍କୁ ବିବାହ ପାଇଁ ନିମନ୍ତ୍ରଣ କରାଯିବ |
1054,ଆପଣ ଏହି ଦୋକାନରୁ ଆପଣଙ୍କର ଖାଦ୍ୟ ସାମଗ୍ରୀ ପାଇବେ |
1055,ତୁମେ ବହୁତ ଲମ୍ବା ଜୀବନ ବଞ୍ଚିବ |
1056,ତୁମେ ବହୁତ ଶୀଘ୍ର ଲେଖ |
1057,ତୁମର ଚେହେରା ଲାଲ୍ |
1058,ତୁମର ପ୍ୟାଣ୍ଟ ମଇଳା |
1059,ତୁମର ସମର୍ଥନ ଆମକୁ ବହୁତ ସାହାଯ୍ୟ କରିବ |
